dataset,label,image_name,label_name,channel_list,strain,antibiotic concentration,treatment time (mins),BioRep
train,Untreated,IBKRHQV363.tif,IBKRHQV363.tif,"['Cy3', 'DAPI']",MG1655,0XEUCAST,,
train,Untreated,NFYIFIH2R9.tif,NFYIFIH2R9.tif,"['Cy3', 'DAPI']",MG1655,0XEUCAST,,
train,Untreated,EBK2BBIQH3.tif,EBK2BBIQH3.tif,"['Cy3', 'DAPI']",MG1655,0XEUCAST,,
train,Untreated,LQPEOHX5EL.tif,LQPEOHX5EL.tif,"['Cy3', 'DAPI']",MG1655,0XEUCAST,,
train,Untreated,PRAXI3VHWA.tif,PRAXI3VHWA.tif,"['Cy3', 'DAPI']",MG1655,0XEUCAST,,
train,Untreated,CLQO6BO8UG.tif,CLQO6BO8UG.tif,"['Cy3', 'DAPI']",MG1655,0XEUCAST,,
train,Untreated,UUFXGJ5698.tif,UUFXGJ5698.tif,"['Cy3', 'DAPI']",MG1655,0XEUCAST,,
train,Untreated,2E4JWDRFT1.tif,2E4JWDRFT1.tif,"['Cy3', 'DAPI']",MG1655,0XEUCAST,,
train,Untreated,MWO5LC452B.tif,MWO5LC452B.tif,"['Cy3', 'DAPI']",MG1655,0XEUCAST,,
train,Untreated,IOM5VIAX9Y.tif,IOM5VIAX9Y.tif,"['Cy3', 'DAPI']",MG1655,0XEUCAST,,
train,Untreated,H4IZCH0XJY.tif,H4IZCH0XJY.tif,"['Cy3', 'DAPI']",MG1655,0XEUCAST,,
train,Untreated,G68JDE4MNB.tif,G68JDE4MNB.tif,"['Cy3', 'DAPI']",MG1655,0XEUCAST,,
train,Untreated,A7G5916C7B.tif,A7G5916C7B.tif,"['Cy3', 'DAPI']",MG1655,0XEUCAST,,
train,Untreated,MKX0Z5J9K2.tif,MKX0Z5J9K2.tif,"['Cy3', 'DAPI']",MG1655,0XEUCAST,,
train,Untreated,C26MWQLAMF.tif,C26MWQLAMF.tif,"['Cy3', 'DAPI']",MG1655,0XEUCAST,,
train,Untreated,1XWJ9RKR98.tif,1XWJ9RKR98.tif,"['Cy3', 'DAPI']",MG1655,0XEUCAST,,
train,Untreated,9Z9QNGEA4F.tif,9Z9QNGEA4F.tif,"['Cy3', 'DAPI']",MG1655,0XEUCAST,,
train,Untreated,H28UP9IUXW.tif,H28UP9IUXW.tif,"['Cy3', 'DAPI']",MG1655,0XEUCAST,,
train,Untreated,DF6JRQSCUR.tif,DF6JRQSCUR.tif,"['Cy3', 'DAPI']",MG1655,0XEUCAST,,
train,Untreated,WPLNPJ3RVQ.tif,WPLNPJ3RVQ.tif,"['Cy3', 'DAPI']",MG1655,0XEUCAST,,
train,Untreated,8OPGB8LVTC.tif,8OPGB8LVTC.tif,"['Cy3', 'DAPI']",MG1655,0XEUCAST,,
train,Untreated,TC14P5KHW8.tif,TC14P5KHW8.tif,"['Cy3', 'DAPI']",MG1655,0XEUCAST,,
train,Untreated,MBA5ZYD8IO.tif,MBA5ZYD8IO.tif,"['Cy3', 'DAPI']",MG1655,0XEUCAST,,
train,Untreated,XP274MRM0Y.tif,XP274MRM0Y.tif,"['Cy3', 'DAPI']",MG1655,0XEUCAST,,
train,Untreated,6DORAQGO9D.tif,6DORAQGO9D.tif,"['Cy3', 'DAPI']",MG1655,0XEUCAST,,
train,Untreated,FILC50HTD0.tif,FILC50HTD0.tif,"['Cy3', 'DAPI']",MG1655,0XEUCAST,,
train,Untreated,A1UVI02NQ0.tif,A1UVI02NQ0.tif,"['Cy3', 'DAPI']",MG1655,0XEUCAST,,
train,Untreated,5UOYBZTOY0.tif,5UOYBZTOY0.tif,"['Cy3', 'DAPI']",MG1655,0XEUCAST,,
train,Untreated,6V06J78L0Q.tif,6V06J78L0Q.tif,"['Cy3', 'DAPI']",MG1655,0XEUCAST,,
train,Untreated,225KA7CLJE.tif,225KA7CLJE.tif,"['Cy3', 'DAPI']",MG1655,0XEUCAST,,
train,Untreated,16O2GERL39.tif,16O2GERL39.tif,"['Cy3', 'DAPI']",MG1655,0XEUCAST,,
train,Untreated,J47CKJO69Y.tif,J47CKJO69Y.tif,"['Cy3', 'DAPI']",MG1655,0XEUCAST,,
train,Untreated,ZAU1H7ZC42.tif,ZAU1H7ZC42.tif,"['Cy3', 'DAPI']",MG1655,0XEUCAST,,
train,Untreated,8HIXY0HDWI.tif,8HIXY0HDWI.tif,"['Cy3', 'DAPI']",MG1655,0XEUCAST,,
train,Untreated,JRDTRT23X6.tif,JRDTRT23X6.tif,"['Cy3', 'DAPI']",MG1655,0XEUCAST,,
train,Untreated,8JAVAJ7JK5.tif,8JAVAJ7JK5.tif,"['Cy3', 'DAPI']",MG1655,0XEUCAST,,
train,Untreated,BTZBFBQJ26.tif,BTZBFBQJ26.tif,"['Cy3', 'DAPI']",MG1655,0XEUCAST,,
train,Untreated,7K549D2RL4.tif,7K549D2RL4.tif,"['Cy3', 'DAPI']",MG1655,0XEUCAST,,
train,Untreated,28NHZTXZZR.tif,28NHZTXZZR.tif,"['Cy3', 'DAPI']",MG1655,0XEUCAST,,
train,Untreated,7KT64GMCWF.tif,7KT64GMCWF.tif,"['Cy3', 'DAPI']",MG1655,0XEUCAST,,
train,Untreated,Q5OM7GNQ84.tif,Q5OM7GNQ84.tif,"['Cy3', 'DAPI']",MG1655,0XEUCAST,,
train,Untreated,2SXPAUFYHD.tif,2SXPAUFYHD.tif,"['Cy3', 'DAPI']",MG1655,0XEUCAST,,
train,Untreated,U7CFASYDSI.tif,U7CFASYDSI.tif,"['Cy3', 'DAPI']",MG1655,0XEUCAST,,
train,Untreated,512Q0R95NT.tif,512Q0R95NT.tif,"['Cy3', 'DAPI']",MG1655,0XEUCAST,,
train,Untreated,5RTA7L94PL.tif,5RTA7L94PL.tif,"['Cy3', 'DAPI']",MG1655,0XEUCAST,,
train,Untreated,6P1X2QYIU0.tif,6P1X2QYIU0.tif,"['Cy3', 'DAPI']",MG1655,0XEUCAST,,
train,Untreated,7O7MTTFQJD.tif,7O7MTTFQJD.tif,"['Cy3', 'DAPI']",MG1655,0XEUCAST,30.0,BioRepA
train,Untreated,FI9Q21CQA5.tif,FI9Q21CQA5.tif,"['Cy3', 'DAPI']",MG1655,0XEUCAST,30.0,BioRepA
train,Untreated,FUADRBOKGE.tif,FUADRBOKGE.tif,"['Cy3', 'DAPI']",MG1655,0XEUCAST,30.0,BioRepA
train,Untreated,S4MU5JPT8H.tif,S4MU5JPT8H.tif,"['Cy3', 'DAPI']",MG1655,0XEUCAST,30.0,BioRepA
train,Untreated,9V6W6DIB6H.tif,9V6W6DIB6H.tif,"['Cy3', 'DAPI']",MG1655,0XEUCAST,30.0,BioRepA
train,Untreated,91OUJ5VZ7Q.tif,91OUJ5VZ7Q.tif,"['Cy3', 'DAPI']",MG1655,0XEUCAST,30.0,BioRepA
train,Untreated,CWG3WPUC9Z.tif,CWG3WPUC9Z.tif,"['Cy3', 'DAPI']",MG1655,0XEUCAST,30.0,BioRepA
train,Untreated,NATDLB30ET.tif,NATDLB30ET.tif,"['Cy3', 'DAPI']",MG1655,0XEUCAST,30.0,BioRepA
train,Untreated,2EQAY8VPIX.tif,2EQAY8VPIX.tif,"['Cy3', 'DAPI']",MG1655,0XEUCAST,30.0,BioRepA
train,Untreated,HGW5CS84AB.tif,HGW5CS84AB.tif,"['Cy3', 'DAPI']",MG1655,0XEUCAST,30.0,BioRepA
train,Untreated,XR8QVYJSCN.tif,XR8QVYJSCN.tif,"['Cy3', 'DAPI']",MG1655,0XEUCAST,30.0,BioRepA
train,Untreated,TQABPH4HZ7.tif,TQABPH4HZ7.tif,"['Cy3', 'DAPI']",MG1655,0XEUCAST,30.0,BioRepA
train,Untreated,94MEO9T4WR.tif,94MEO9T4WR.tif,"['Cy3', 'DAPI']",MG1655,0XEUCAST,30.0,BioRepA
train,Untreated,9LH2UWK740.tif,9LH2UWK740.tif,"['Cy3', 'DAPI']",MG1655,0XEUCAST,30.0,BioRepA
train,Untreated,2PLDJD71EP.tif,2PLDJD71EP.tif,"['Cy3', 'DAPI']",MG1655,0XEUCAST,30.0,BioRepA
train,Untreated,YI9BAI13YQ.tif,YI9BAI13YQ.tif,"['Cy3', 'DAPI']",MG1655,0XEUCAST,30.0,BioRepA
train,Untreated,9Q6PMWMBZP.tif,9Q6PMWMBZP.tif,"['Cy3', 'DAPI']",MG1655,0XEUCAST,30.0,BioRepA
train,Untreated,5VFG3XNJ7T.tif,5VFG3XNJ7T.tif,"['Cy3', 'DAPI']",MG1655,0XEUCAST,30.0,BioRepA
train,Untreated,QOTDM3CZST.tif,QOTDM3CZST.tif,"['Cy3', 'DAPI']",MG1655,0XEUCAST,30.0,BioRepA
train,Untreated,DXD5KG907F.tif,DXD5KG907F.tif,"['Cy3', 'DAPI']",MG1655,0XEUCAST,30.0,BioRepA
train,Untreated,OXFRYP1XHP.tif,OXFRYP1XHP.tif,"['Cy3', 'DAPI']",MG1655,0XEUCAST,30.0,BioRepA
train,Untreated,SU58M386AW.tif,SU58M386AW.tif,"['Cy3', 'DAPI']",MG1655,0XEUCAST,30.0,BioRepA
train,Untreated,S9244G1DZ3.tif,S9244G1DZ3.tif,"['Cy3', 'DAPI']",MG1655,0XEUCAST,30.0,BioRepA
train,Untreated,ETHNJP8JUO.tif,ETHNJP8JUO.tif,"['Cy3', 'DAPI']",MG1655,0XEUCAST,30.0,BioRepA
train,Untreated,9WZYCKILC5.tif,9WZYCKILC5.tif,"['Cy3', 'DAPI']",MG1655,0XEUCAST,30.0,BioRepA
train,Untreated,9MRM76WLCX.tif,9MRM76WLCX.tif,"['Cy3', 'DAPI']",MG1655,0XEUCAST,30.0,BioRepA
train,Untreated,PEMUWUYU4X.tif,PEMUWUYU4X.tif,"['Cy3', 'DAPI']",MG1655,0XEUCAST,30.0,BioRepA
train,Untreated,4CWEFWLCR8.tif,4CWEFWLCR8.tif,"['Cy3', 'DAPI']",MG1655,0XEUCAST,30.0,BioRepA
train,Untreated,7JY1YWLFHJ.tif,7JY1YWLFHJ.tif,"['Cy3', 'DAPI']",MG1655,0XEUCAST,30.0,BioRepA
train,Untreated,EHGS1Q3N8X.tif,EHGS1Q3N8X.tif,"['Cy3', 'DAPI']",MG1655,0XEUCAST,30.0,BioRepA
train,Untreated,WUOHNNPGF3.tif,WUOHNNPGF3.tif,"['Cy3', 'DAPI']",MG1655,0XEUCAST,30.0,BioRepA
train,Untreated,31VBCQTPPK.tif,31VBCQTPPK.tif,"['Cy3', 'DAPI']",MG1655,0XEUCAST,30.0,BioRepA
train,Untreated,JZFQMHG5OE.tif,JZFQMHG5OE.tif,"['Cy3', 'DAPI']",MG1655,0XEUCAST,30.0,BioRepA
train,Untreated,WCWU59MCNH.tif,WCWU59MCNH.tif,"['Cy3', 'DAPI']",MG1655,0XEUCAST,30.0,BioRepA
train,Untreated,VZHUHU3QBT.tif,VZHUHU3QBT.tif,"['Cy3', 'DAPI']",MG1655,0XEUCAST,30.0,BioRepA
train,Untreated,3LCTOG7VA1.tif,3LCTOG7VA1.tif,"['Cy3', 'DAPI']",MG1655,0XEUCAST,30.0,BioRepA
train,Untreated,1WIWA54W1I.tif,1WIWA54W1I.tif,"['Cy3', 'DAPI']",MG1655,0XEUCAST,30.0,BioRepA
train,Untreated,KB7R7VIFYC.tif,KB7R7VIFYC.tif,"['Cy3', 'DAPI']",MG1655,0XEUCAST,30.0,BioRepA
train,Untreated,YFTUCFIGF5.tif,YFTUCFIGF5.tif,"['Cy3', 'DAPI']",MG1655,0XEUCAST,30.0,BioRepA
train,Untreated,R441Y4V9V2.tif,R441Y4V9V2.tif,"['Cy3', 'DAPI']",MG1655,0XEUCAST,30.0,BioRepA
train,Untreated,7VXAKHGK1P.tif,7VXAKHGK1P.tif,"['Cy3', 'DAPI']",MG1655,0XEUCAST,30.0,BioRepA
train,Untreated,2SK2V1TQAO.tif,2SK2V1TQAO.tif,"['Cy3', 'DAPI']",MG1655,0XEUCAST,30.0,BioRepA
train,Untreated,C0G3DDLF72.tif,C0G3DDLF72.tif,"['Cy3', 'DAPI']",MG1655,0XEUCAST,30.0,BioRepA
train,Untreated,4O3A5PC0XG.tif,4O3A5PC0XG.tif,"['Cy3', 'DAPI']",MG1655,0XEUCAST,30.0,BioRepA
train,Untreated,L922WTIMAJ.tif,L922WTIMAJ.tif,"['Cy3', 'DAPI']",MG1655,0XEUCAST,30.0,BioRepA
train,Untreated,SPPSI6TZUT.tif,SPPSI6TZUT.tif,"['Cy3', 'DAPI']",MG1655,0XEUCAST,30.0,BioRepA
train,Untreated,PHGO2L415Z.tif,PHGO2L415Z.tif,"['Cy3', 'DAPI']",MG1655,0XEUCAST,30.0,BioRepA
train,Untreated,QN0OWHMJ2O.tif,QN0OWHMJ2O.tif,"['Cy3', 'DAPI']",MG1655,0XEUCAST,30.0,BioRepA
train,Untreated,HY3D6P8B3K.tif,HY3D6P8B3K.tif,"['Cy3', 'DAPI']",MG1655,0XEUCAST,30.0,BioRepA
train,Untreated,7T7D6FHSQY.tif,7T7D6FHSQY.tif,"['Cy3', 'DAPI']",MG1655,0XEUCAST,30.0,BioRepA
train,Untreated,KCFV7V1H0V.tif,KCFV7V1H0V.tif,"['Cy3', 'DAPI']",MG1655,0XEUCAST,30.0,BioRepA
train,Untreated,3ZPX1SQB5O.tif,3ZPX1SQB5O.tif,"['Cy3', 'DAPI']",MG1655,0XEUCAST,30.0,BioRepA
train,Untreated,RN4FV29WJ2.tif,RN4FV29WJ2.tif,"['Cy3', 'DAPI']",MG1655,0XEUCAST,30.0,BioRepA
train,Untreated,0NFIUKEZEM.tif,0NFIUKEZEM.tif,"['Cy3', 'DAPI']",MG1655,0XEUCAST,30.0,BioRepA
train,Untreated,10GN73XM86.tif,10GN73XM86.tif,"['Cy3', 'DAPI']",MG1655,0XEUCAST,30.0,BioRepA
train,Untreated,FWIDKLYL3I.tif,FWIDKLYL3I.tif,"['Cy3', 'DAPI']",MG1655,0XEUCAST,30.0,BioRepA
train,Untreated,ITVL7SDJDZ.tif,ITVL7SDJDZ.tif,"['Cy3', 'DAPI']",MG1655,0XEUCAST,30.0,BioRepA
train,Untreated,2JVNH8QBSB.tif,2JVNH8QBSB.tif,"['Cy3', 'DAPI']",MG1655,0XEUCAST,30.0,BioRepA
train,Untreated,DUH1DPZ26W.tif,DUH1DPZ26W.tif,"['Cy3', 'DAPI']",MG1655,0XEUCAST,30.0,BioRepA
train,Untreated,BC0L68Y8BJ.tif,BC0L68Y8BJ.tif,"['Cy3', 'DAPI']",MG1655,0XEUCAST,30.0,BioRepA
train,Untreated,W1ATU2C41S.tif,W1ATU2C41S.tif,"['Cy3', 'DAPI']",MG1655,0XEUCAST,30.0,BioRepA
train,Untreated,JPMU92CW11.tif,JPMU92CW11.tif,"['Cy3', 'DAPI']",MG1655,0XEUCAST,30.0,BioRepA
train,Untreated,0HBD3M3L7R.tif,0HBD3M3L7R.tif,"['Cy3', 'DAPI']",MG1655,0XEUCAST,30.0,BioRepA
train,Untreated,2W5V88R8AT.tif,2W5V88R8AT.tif,"['Cy3', 'DAPI']",MG1655,0XEUCAST,30.0,BioRepA
train,Untreated,HP8Y87E9KS.tif,HP8Y87E9KS.tif,"['Cy3', 'DAPI']",MG1655,0XEUCAST,30.0,BioRepA
train,Untreated,ONE61F9GXR.tif,ONE61F9GXR.tif,"['Cy3', 'DAPI']",MG1655,0XEUCAST,30.0,BioRepA
train,Untreated,LSU64LGH52.tif,LSU64LGH52.tif,"['Cy3', 'DAPI']",MG1655,0XEUCAST,30.0,BioRepA
train,Untreated,GWK5MD05NS.tif,GWK5MD05NS.tif,"['Cy3', 'DAPI']",MG1655,0XEUCAST,30.0,BioRepA
train,Untreated,IW78BO94C2.tif,IW78BO94C2.tif,"['Cy3', 'DAPI']",MG1655,0XEUCAST,30.0,BioRepA
train,Untreated,R3WSDH1NFF.tif,R3WSDH1NFF.tif,"['Cy3', 'DAPI']",MG1655,0XEUCAST,30.0,BioRepA
train,Untreated,EDAK28GW9I.tif,EDAK28GW9I.tif,"['Cy3', 'DAPI']",MG1655,0XEUCAST,30.0,BioRepA
train,Untreated,BCJOP2MHM9.tif,BCJOP2MHM9.tif,"['Cy3', 'DAPI']",MG1655,0XEUCAST,30.0,BioRepA
train,Untreated,LW96L6ODOH.tif,LW96L6ODOH.tif,"['Cy3', 'DAPI']",MG1655,0XEUCAST,30.0,BioRepA
train,Untreated,50FZ5CKMH4.tif,50FZ5CKMH4.tif,"['Cy3', 'DAPI']",MG1655,0XEUCAST,30.0,BioRepA
train,Untreated,0UQYFLLB5I.tif,0UQYFLLB5I.tif,"['Cy3', 'DAPI']",MG1655,0XEUCAST,30.0,BioRepA
train,Untreated,O1BWDFPOTT.tif,O1BWDFPOTT.tif,"['Cy3', 'DAPI']",MG1655,0XEUCAST,30.0,BioRepA
train,Untreated,IYCIG3OBQM.tif,IYCIG3OBQM.tif,"['Cy3', 'DAPI']",MG1655,0XEUCAST,30.0,BioRepA
train,Untreated,I2AH38OQ0I.tif,I2AH38OQ0I.tif,"['Cy3', 'DAPI']",MG1655,0XEUCAST,30.0,BioRepA
train,Untreated,QHY51CJIZ4.tif,QHY51CJIZ4.tif,"['Cy3', 'DAPI']",MG1655,0XEUCAST,30.0,BioRepA
train,Untreated,QUO0NFCPSP.tif,QUO0NFCPSP.tif,"['Cy3', 'DAPI']",MG1655,0XEUCAST,30.0,BioRepA
train,Untreated,YDA2XILIJ9.tif,YDA2XILIJ9.tif,"['Cy3', 'DAPI']",MG1655,0XEUCAST,30.0,BioRepA
train,Untreated,WCMJVPLA0Z.tif,WCMJVPLA0Z.tif,"['Cy3', 'DAPI']",MG1655,0XEUCAST,30.0,BioRepA
train,Untreated,RJQPEI8BWD.tif,RJQPEI8BWD.tif,"['Cy3', 'DAPI']",MG1655,0XEUCAST,30.0,BioRepA
train,Untreated,3EFKS1DH4F.tif,3EFKS1DH4F.tif,"['Cy3', 'DAPI']",MG1655,0XEUCAST,30.0,BioRepA
train,Untreated,9R9546LKXW.tif,9R9546LKXW.tif,"['Cy3', 'DAPI']",MG1655,0XEUCAST,30.0,BioRepA
train,Untreated,ZJ6GJ5G7IC.tif,ZJ6GJ5G7IC.tif,"['Cy3', 'DAPI']",MG1655,0XEUCAST,30.0,BioRepA
train,Untreated,0YISXJLEJ4.tif,0YISXJLEJ4.tif,"['Cy3', 'DAPI']",MG1655,0XEUCAST,30.0,BioRepA
train,Untreated,L0816M90UI.tif,L0816M90UI.tif,"['Cy3', 'DAPI']",MG1655,0XEUCAST,30.0,BioRepA
train,Untreated,ZJB39NT4Y8.tif,ZJB39NT4Y8.tif,"['Cy3', 'DAPI']",MG1655,0XEUCAST,30.0,BioRepA
train,Untreated,MBQXFQ4CTT.tif,MBQXFQ4CTT.tif,"['Cy3', 'DAPI']",MG1655,0XEUCAST,30.0,BioRepA
train,Untreated,UUK39K4JY2.tif,UUK39K4JY2.tif,"['Cy3', 'DAPI']",MG1655,0XEUCAST,30.0,BioRepA
train,Ciprofloxacin,F6RHAWNC3Q.tif,F6RHAWNC3Q.tif,"['Cy3', 'DAPI']",MG1655,1XEUCAST,30.0,BioRepB
train,Ciprofloxacin,OUOUT7L8QJ.tif,OUOUT7L8QJ.tif,"['Cy3', 'DAPI']",MG1655,1XEUCAST,30.0,BioRepB
train,Ciprofloxacin,08OTLUJFZA.tif,08OTLUJFZA.tif,"['Cy3', 'DAPI']",MG1655,1XEUCAST,30.0,BioRepB
train,Ciprofloxacin,HYMWJDL3DQ.tif,HYMWJDL3DQ.tif,"['Cy3', 'DAPI']",MG1655,1XEUCAST,30.0,BioRepB
train,Ciprofloxacin,AOO0PWQD9S.tif,AOO0PWQD9S.tif,"['Cy3', 'DAPI']",MG1655,1XEUCAST,30.0,BioRepB
train,Ciprofloxacin,RYG4WX9SGQ.tif,RYG4WX9SGQ.tif,"['Cy3', 'DAPI']",MG1655,1XEUCAST,30.0,BioRepB
train,Ciprofloxacin,04I9DD0RQU.tif,04I9DD0RQU.tif,"['Cy3', 'DAPI']",MG1655,1XEUCAST,30.0,BioRepB
train,Ciprofloxacin,L6ZFH31E3T.tif,L6ZFH31E3T.tif,"['Cy3', 'DAPI']",MG1655,1XEUCAST,30.0,BioRepB
train,Ciprofloxacin,LZ6PRW5GFY.tif,LZ6PRW5GFY.tif,"['Cy3', 'DAPI']",MG1655,1XEUCAST,30.0,BioRepB
train,Ciprofloxacin,17XDKR1FV2.tif,17XDKR1FV2.tif,"['Cy3', 'DAPI']",MG1655,1XEUCAST,30.0,BioRepB
train,Ciprofloxacin,Y7ET396XQ1.tif,Y7ET396XQ1.tif,"['Cy3', 'DAPI']",MG1655,1XEUCAST,30.0,BioRepB
train,Ciprofloxacin,RCBYTPI8DE.tif,RCBYTPI8DE.tif,"['Cy3', 'DAPI']",MG1655,1XEUCAST,30.0,BioRepB
train,Ciprofloxacin,CRYY55Y02C.tif,CRYY55Y02C.tif,"['Cy3', 'DAPI']",MG1655,1XEUCAST,30.0,BioRepB
train,Ciprofloxacin,R7NQHEOXME.tif,R7NQHEOXME.tif,"['Cy3', 'DAPI']",MG1655,1XEUCAST,30.0,BioRepB
train,Ciprofloxacin,PHKLG58W05.tif,PHKLG58W05.tif,"['Cy3', 'DAPI']",MG1655,1XEUCAST,30.0,BioRepB
train,Ciprofloxacin,VL91FW2UN2.tif,VL91FW2UN2.tif,"['Cy3', 'DAPI']",MG1655,1XEUCAST,30.0,BioRepB
train,Ciprofloxacin,RBDK8KKB1K.tif,RBDK8KKB1K.tif,"['Cy3', 'DAPI']",MG1655,1XEUCAST,30.0,BioRepB
train,Ciprofloxacin,FRZJQCD5S4.tif,FRZJQCD5S4.tif,"['Cy3', 'DAPI']",MG1655,1XEUCAST,30.0,BioRepB
train,Ciprofloxacin,ONPRVKUKB9.tif,ONPRVKUKB9.tif,"['Cy3', 'DAPI']",MG1655,1XEUCAST,30.0,BioRepB
train,Ciprofloxacin,LA9YX7JCN5.tif,LA9YX7JCN5.tif,"['Cy3', 'DAPI']",MG1655,1XEUCAST,30.0,BioRepB
train,Ciprofloxacin,1RAB2SHHJU.tif,1RAB2SHHJU.tif,"['Cy3', 'DAPI']",MG1655,1XEUCAST,30.0,BioRepB
train,Ciprofloxacin,9UZFCKK9U9.tif,9UZFCKK9U9.tif,"['Cy3', 'DAPI']",MG1655,1XEUCAST,30.0,BioRepB
train,Ciprofloxacin,EXQV0WF1I7.tif,EXQV0WF1I7.tif,"['Cy3', 'DAPI']",MG1655,1XEUCAST,30.0,BioRepB
train,Untreated,WNRGBF8PIN.tif,WNRGBF8PIN.tif,"['Cy3', 'DAPI']",MG1655,0XEUCAST,30.0,BioRepB
train,Untreated,UVMULANSUL.tif,UVMULANSUL.tif,"['Cy3', 'DAPI']",MG1655,0XEUCAST,30.0,BioRepB
train,Untreated,6Y04YTU16U.tif,6Y04YTU16U.tif,"['Cy3', 'DAPI']",MG1655,0XEUCAST,30.0,BioRepB
train,Untreated,0W7U3N55XX.tif,0W7U3N55XX.tif,"['Cy3', 'DAPI']",MG1655,0XEUCAST,30.0,BioRepB
train,Untreated,6KKK1TSRXD.tif,6KKK1TSRXD.tif,"['Cy3', 'DAPI']",MG1655,0XEUCAST,30.0,BioRepB
train,Untreated,6K3ZC5SC9E.tif,6K3ZC5SC9E.tif,"['Cy3', 'DAPI']",MG1655,0XEUCAST,30.0,BioRepB
train,Untreated,AX5XG64NHG.tif,AX5XG64NHG.tif,"['Cy3', 'DAPI']",MG1655,0XEUCAST,30.0,BioRepB
train,Untreated,GA9YM6PVQK.tif,GA9YM6PVQK.tif,"['Cy3', 'DAPI']",MG1655,0XEUCAST,30.0,BioRepB
train,Untreated,6TAZTX0860.tif,6TAZTX0860.tif,"['Cy3', 'DAPI']",MG1655,0XEUCAST,30.0,BioRepB
train,Untreated,2N5BE3NM8V.tif,2N5BE3NM8V.tif,"['Cy3', 'DAPI']",MG1655,0XEUCAST,30.0,BioRepB
train,Untreated,8SW9Q3LFW6.tif,8SW9Q3LFW6.tif,"['Cy3', 'DAPI']",MG1655,0XEUCAST,30.0,BioRepB
train,Untreated,8V78LH6NH3.tif,8V78LH6NH3.tif,"['Cy3', 'DAPI']",MG1655,0XEUCAST,30.0,BioRepB
train,Untreated,9WIGLDIYCH.tif,9WIGLDIYCH.tif,"['Cy3', 'DAPI']",MG1655,0XEUCAST,30.0,BioRepB
train,Untreated,YJPQC3SAX4.tif,YJPQC3SAX4.tif,"['Cy3', 'DAPI']",MG1655,0XEUCAST,30.0,BioRepB
train,Untreated,ZX4K15GUC7.tif,ZX4K15GUC7.tif,"['Cy3', 'DAPI']",MG1655,0XEUCAST,30.0,BioRepB
train,Untreated,1IY07VSG42.tif,1IY07VSG42.tif,"['Cy3', 'DAPI']",MG1655,0XEUCAST,30.0,BioRepB
train,Untreated,HSOA6VB77X.tif,HSOA6VB77X.tif,"['Cy3', 'DAPI']",MG1655,0XEUCAST,30.0,BioRepB
train,Untreated,ZZPTBSU9PK.tif,ZZPTBSU9PK.tif,"['Cy3', 'DAPI']",MG1655,0XEUCAST,30.0,BioRepB
train,Untreated,0CJDN3OIP5.tif,0CJDN3OIP5.tif,"['Cy3', 'DAPI']",MG1655,0XEUCAST,30.0,BioRepB
train,Untreated,6QCR04264T.tif,6QCR04264T.tif,"['Cy3', 'DAPI']",MG1655,0XEUCAST,30.0,BioRepB
train,Untreated,TDIOX9G355.tif,TDIOX9G355.tif,"['Cy3', 'DAPI']",MG1655,0XEUCAST,30.0,BioRepB
train,Untreated,86UUN2PB2I.tif,86UUN2PB2I.tif,"['Cy3', 'DAPI']",MG1655,0XEUCAST,30.0,BioRepB
train,Untreated,4FF4ZXMC4G.tif,4FF4ZXMC4G.tif,"['Cy3', 'DAPI']",MG1655,0XEUCAST,30.0,BioRepB
train,Untreated,1000OTIGM7.tif,1000OTIGM7.tif,"['Cy3', 'DAPI']",MG1655,0XEUCAST,30.0,BioRepB
train,Untreated,YPOHCDG8JG.tif,YPOHCDG8JG.tif,"['Cy3', 'DAPI']",MG1655,0XEUCAST,30.0,BioRepB
train,Untreated,MMJJURVU50.tif,MMJJURVU50.tif,"['Cy3', 'DAPI']",MG1655,0XEUCAST,30.0,BioRepB
train,Untreated,T4UAQV2YEC.tif,T4UAQV2YEC.tif,"['Cy3', 'DAPI']",MG1655,0XEUCAST,30.0,BioRepB
train,Untreated,RT2QEFD6NG.tif,RT2QEFD6NG.tif,"['Cy3', 'DAPI']",MG1655,0XEUCAST,30.0,BioRepB
train,Untreated,Q07GUSQG7W.tif,Q07GUSQG7W.tif,"['Cy3', 'DAPI']",MG1655,0XEUCAST,30.0,BioRepB
train,Untreated,1RO6EOXYFQ.tif,1RO6EOXYFQ.tif,"['Cy3', 'DAPI']",MG1655,0XEUCAST,30.0,BioRepB
train,Untreated,TAV15TQ3MG.tif,TAV15TQ3MG.tif,"['Cy3', 'DAPI']",MG1655,0XEUCAST,30.0,BioRepB
train,Untreated,8632HDRVR7.tif,8632HDRVR7.tif,"['Cy3', 'DAPI']",MG1655,0XEUCAST,30.0,BioRepB
train,Untreated,WT2Z9H3SFC.tif,WT2Z9H3SFC.tif,"['Cy3', 'DAPI']",MG1655,0XEUCAST,30.0,BioRepB
train,Untreated,LF56R15ZKA.tif,LF56R15ZKA.tif,"['Cy3', 'DAPI']",MG1655,0XEUCAST,30.0,BioRepB
train,Untreated,OGZZIUPI3S.tif,OGZZIUPI3S.tif,"['Cy3', 'DAPI']",MG1655,0XEUCAST,30.0,BioRepB
train,Untreated,PDXV0D7MWW.tif,PDXV0D7MWW.tif,"['Cy3', 'DAPI']",MG1655,0XEUCAST,30.0,BioRepB
train,Untreated,BIEEI9AU1I.tif,BIEEI9AU1I.tif,"['Cy3', 'DAPI']",MG1655,0XEUCAST,30.0,BioRepB
train,Untreated,1LYGTEH9DA.tif,1LYGTEH9DA.tif,"['Cy3', 'DAPI']",MG1655,0XEUCAST,30.0,BioRepB
train,Untreated,EMRGN8D6WS.tif,EMRGN8D6WS.tif,"['Cy3', 'DAPI']",MG1655,0XEUCAST,30.0,BioRepB
train,Untreated,Y2C2DK7FK7.tif,Y2C2DK7FK7.tif,"['Cy3', 'DAPI']",MG1655,0XEUCAST,30.0,BioRepB
train,Untreated,J0T8YHN2VP.tif,J0T8YHN2VP.tif,"['Cy3', 'DAPI']",MG1655,0XEUCAST,30.0,BioRepB
train,Untreated,869S585FCS.tif,869S585FCS.tif,"['Cy3', 'DAPI']",MG1655,0XEUCAST,30.0,BioRepB
train,Untreated,N7B0YEDXXT.tif,N7B0YEDXXT.tif,"['Cy3', 'DAPI']",MG1655,0XEUCAST,30.0,BioRepB
train,Untreated,FI7ZT9W1CT.tif,FI7ZT9W1CT.tif,"['Cy3', 'DAPI']",MG1655,0XEUCAST,30.0,BioRepB
train,Untreated,OCOR4WB6GG.tif,OCOR4WB6GG.tif,"['Cy3', 'DAPI']",MG1655,0XEUCAST,30.0,BioRepB
train,Untreated,VOT8DN5FEM.tif,VOT8DN5FEM.tif,"['Cy3', 'DAPI']",MG1655,0XEUCAST,30.0,BioRepB
train,Untreated,JE9P31A89R.tif,JE9P31A89R.tif,"['Cy3', 'DAPI']",MG1655,0XEUCAST,30.0,BioRepB
train,Untreated,HV4ZY5RHZK.tif,HV4ZY5RHZK.tif,"['Cy3', 'DAPI']",MG1655,0XEUCAST,30.0,BioRepB
train,Untreated,OQ3O03DE1J.tif,OQ3O03DE1J.tif,"['Cy3', 'DAPI']",MG1655,0XEUCAST,30.0,BioRepB
train,Untreated,0A89WRTZFR.tif,0A89WRTZFR.tif,"['Cy3', 'DAPI']",MG1655,0XEUCAST,30.0,BioRepB
train,Untreated,QPEXQVGLGR.tif,QPEXQVGLGR.tif,"['Cy3', 'DAPI']",MG1655,0XEUCAST,30.0,BioRepC
train,Untreated,TV5CXA9NXP.tif,TV5CXA9NXP.tif,"['Cy3', 'DAPI']",MG1655,0XEUCAST,30.0,BioRepC
train,Untreated,THU1Y3ZT26.tif,THU1Y3ZT26.tif,"['Cy3', 'DAPI']",MG1655,0XEUCAST,30.0,BioRepC
train,Untreated,43MGXHXE98.tif,43MGXHXE98.tif,"['Cy3', 'DAPI']",MG1655,0XEUCAST,30.0,BioRepC
train,Untreated,YETX7YINL3.tif,YETX7YINL3.tif,"['Cy3', 'DAPI']",MG1655,0XEUCAST,30.0,BioRepC
train,Untreated,YSPE786DLF.tif,YSPE786DLF.tif,"['Cy3', 'DAPI']",MG1655,0XEUCAST,30.0,BioRepC
train,Untreated,ILRDHHWWSL.tif,ILRDHHWWSL.tif,"['Cy3', 'DAPI']",MG1655,0XEUCAST,30.0,BioRepC
train,Untreated,63Y7PDL2YL.tif,63Y7PDL2YL.tif,"['Cy3', 'DAPI']",MG1655,0XEUCAST,30.0,BioRepC
train,Untreated,PCIK646417.tif,PCIK646417.tif,"['Cy3', 'DAPI']",MG1655,0XEUCAST,30.0,BioRepC
train,Untreated,QKS3N4V5S7.tif,QKS3N4V5S7.tif,"['Cy3', 'DAPI']",MG1655,0XEUCAST,30.0,BioRepC
train,Untreated,B9LGWMAUJ8.tif,B9LGWMAUJ8.tif,"['Cy3', 'DAPI']",MG1655,0XEUCAST,30.0,BioRepC
train,Untreated,UGGKHJWCAP.tif,UGGKHJWCAP.tif,"['Cy3', 'DAPI']",MG1655,0XEUCAST,30.0,BioRepC
train,Untreated,5F5FIC3NYJ.tif,5F5FIC3NYJ.tif,"['Cy3', 'DAPI']",MG1655,0XEUCAST,30.0,BioRepC
train,Untreated,WKLYRZSMZT.tif,WKLYRZSMZT.tif,"['Cy3', 'DAPI']",MG1655,0XEUCAST,30.0,BioRepC
train,Untreated,NMC5221RB7.tif,NMC5221RB7.tif,"['Cy3', 'DAPI']",MG1655,0XEUCAST,30.0,BioRepC
train,Untreated,M0ONKKYR0K.tif,M0ONKKYR0K.tif,"['Cy3', 'DAPI']",MG1655,0XEUCAST,30.0,BioRepC
train,Untreated,ZINPZUDE1T.tif,ZINPZUDE1T.tif,"['Cy3', 'DAPI']",MG1655,0XEUCAST,30.0,BioRepC
train,Untreated,VNEGRRG5IV.tif,VNEGRRG5IV.tif,"['Cy3', 'DAPI']",MG1655,0XEUCAST,30.0,BioRepC
train,Untreated,UHF4675M07.tif,UHF4675M07.tif,"['Cy3', 'DAPI']",MG1655,0XEUCAST,30.0,BioRepC
train,Untreated,X6ODSSUKBS.tif,X6ODSSUKBS.tif,"['Cy3', 'DAPI']",MG1655,0XEUCAST,30.0,BioRepC
train,Untreated,R1SJA9VO3L.tif,R1SJA9VO3L.tif,"['Cy3', 'DAPI']",MG1655,0XEUCAST,30.0,BioRepC
train,Untreated,HVD7ATQZTI.tif,HVD7ATQZTI.tif,"['Cy3', 'DAPI']",MG1655,0XEUCAST,30.0,BioRepC
train,Untreated,KTP4QJOS9L.tif,KTP4QJOS9L.tif,"['Cy3', 'DAPI']",MG1655,0XEUCAST,30.0,BioRepC
train,Untreated,MV59KMJBS0.tif,MV59KMJBS0.tif,"['Cy3', 'DAPI']",MG1655,0XEUCAST,30.0,BioRepC
train,Untreated,1UW5BKCU7Q.tif,1UW5BKCU7Q.tif,"['Cy3', 'DAPI']",MG1655,0XEUCAST,30.0,BioRepC
train,Untreated,IPH18RDIY1.tif,IPH18RDIY1.tif,"['Cy3', 'DAPI']",MG1655,0XEUCAST,30.0,BioRepC
train,Untreated,R6M3Q1W8ZT.tif,R6M3Q1W8ZT.tif,"['Cy3', 'DAPI']",MG1655,0XEUCAST,30.0,BioRepC
train,Untreated,RGC7BCKVB8.tif,RGC7BCKVB8.tif,"['Cy3', 'DAPI']",MG1655,0XEUCAST,30.0,BioRepC
train,Untreated,WF8TAJ65WI.tif,WF8TAJ65WI.tif,"['Cy3', 'DAPI']",MG1655,0XEUCAST,30.0,BioRepC
train,Untreated,GM7ZU2MDDJ.tif,GM7ZU2MDDJ.tif,"['Cy3', 'DAPI']",MG1655,0XEUCAST,30.0,BioRepC
train,Untreated,NJIO185NGB.tif,NJIO185NGB.tif,"['Cy3', 'DAPI']",MG1655,0XEUCAST,30.0,BioRepC
train,Untreated,01PW8MGVIC.tif,01PW8MGVIC.tif,"['Cy3', 'DAPI']",MG1655,0XEUCAST,30.0,BioRepC
train,Untreated,VHZ109C9N6.tif,VHZ109C9N6.tif,"['Cy3', 'DAPI']",MG1655,0XEUCAST,30.0,BioRepC
train,Untreated,58CPY1DYQ6.tif,58CPY1DYQ6.tif,"['Cy3', 'DAPI']",MG1655,0XEUCAST,30.0,BioRepC
train,Untreated,E6N6DSH0YF.tif,E6N6DSH0YF.tif,"['Cy3', 'DAPI']",MG1655,0XEUCAST,30.0,BioRepC
train,Untreated,4O2JC5DUIO.tif,4O2JC5DUIO.tif,"['Cy3', 'DAPI']",MG1655,0XEUCAST,30.0,BioRepC
train,Untreated,OU77VJDOCD.tif,OU77VJDOCD.tif,"['Cy3', 'DAPI']",MG1655,0XEUCAST,30.0,BioRepC
train,Untreated,AQ6ID1WM8S.tif,AQ6ID1WM8S.tif,"['Cy3', 'DAPI']",MG1655,0XEUCAST,30.0,BioRepC
train,Untreated,9HEFUVP0P4.tif,9HEFUVP0P4.tif,"['Cy3', 'DAPI']",MG1655,0XEUCAST,30.0,BioRepC
train,Untreated,3P5LX1TLR8.tif,3P5LX1TLR8.tif,"['Cy3', 'DAPI']",MG1655,0XEUCAST,30.0,BioRepC
train,Untreated,18BTUW6MYS.tif,18BTUW6MYS.tif,"['Cy3', 'DAPI']",MG1655,0XEUCAST,30.0,BioRepC
train,Untreated,MUTFKNNDMM.tif,MUTFKNNDMM.tif,"['Cy3', 'DAPI']",MG1655,0XEUCAST,30.0,BioRepC
train,Untreated,A1T77YKV1C.tif,A1T77YKV1C.tif,"['Cy3', 'DAPI']",MG1655,0XEUCAST,30.0,BioRepC
train,Untreated,HH4XPK8SVQ.tif,HH4XPK8SVQ.tif,"['Cy3', 'DAPI']",MG1655,0XEUCAST,30.0,BioRepC
train,Untreated,AWXVX3W1YQ.tif,AWXVX3W1YQ.tif,"['Cy3', 'DAPI']",MG1655,0XEUCAST,30.0,BioRepC
train,Untreated,DAWFCZY21N.tif,DAWFCZY21N.tif,"['Cy3', 'DAPI']",MG1655,0XEUCAST,30.0,BioRepC
train,Untreated,9CGFX4QY8V.tif,9CGFX4QY8V.tif,"['Cy3', 'DAPI']",MG1655,0XEUCAST,30.0,BioRepC
train,Untreated,3RRKR80ISZ.tif,3RRKR80ISZ.tif,"['Cy3', 'DAPI']",MG1655,0XEUCAST,30.0,BioRepC
train,Untreated,U8KAT1HDRC.tif,U8KAT1HDRC.tif,"['Cy3', 'DAPI']",MG1655,0XEUCAST,30.0,BioRepC
train,Untreated,E76XDQBGDV.tif,E76XDQBGDV.tif,"['Cy3', 'DAPI']",MG1655,0XEUCAST,30.0,BioRepC
train,Untreated,30LWV688MU.tif,30LWV688MU.tif,"['Cy3', 'DAPI']",MG1655,0XEUCAST,30.0,BioRepC
train,Untreated,RECT41C21C.tif,RECT41C21C.tif,"['Cy3', 'DAPI']",MG1655,0XEUCAST,30.0,BioRepC
train,Untreated,2K0BM0XHF7.tif,2K0BM0XHF7.tif,"['Cy3', 'DAPI']",MG1655,0XEUCAST,30.0,BioRepC
train,Untreated,PPAL1J8APU.tif,PPAL1J8APU.tif,"['Cy3', 'DAPI']",MG1655,0XEUCAST,30.0,BioRepC
train,Untreated,6SJLRDINPG.tif,6SJLRDINPG.tif,"['Cy3', 'DAPI']",MG1655,0XEUCAST,30.0,BioRepC
train,Untreated,Q41GHABXU4.tif,Q41GHABXU4.tif,"['Cy3', 'DAPI']",MG1655,0XEUCAST,30.0,BioRepC
train,Untreated,NJ5NMMHAJJ.tif,NJ5NMMHAJJ.tif,"['Cy3', 'DAPI']",MG1655,0XEUCAST,30.0,BioRepC
train,Untreated,CQJMRD3VJN.tif,CQJMRD3VJN.tif,"['Cy3', 'DAPI']",MG1655,0XEUCAST,30.0,BioRepC
train,Untreated,IUSZRJFYSC.tif,IUSZRJFYSC.tif,"['Cy3', 'DAPI']",MG1655,0XEUCAST,30.0,BioRepC
train,Untreated,8KVILC6G0I.tif,8KVILC6G0I.tif,"['Cy3', 'DAPI']",MG1655,0XEUCAST,30.0,BioRepC
train,Untreated,IYS5KH5ZCX.tif,IYS5KH5ZCX.tif,"['Cy3', 'DAPI']",MG1655,0XEUCAST,30.0,BioRepC
train,Untreated,BKYOFKSZYW.tif,BKYOFKSZYW.tif,"['Cy3', 'DAPI']",MG1655,0XEUCAST,30.0,BioRepC
train,Untreated,376AW4HZL8.tif,376AW4HZL8.tif,"['Cy3', 'DAPI']",MG1655,0XEUCAST,30.0,BioRepC
train,Untreated,9CW0IF2675.tif,9CW0IF2675.tif,"['Cy3', 'DAPI']",MG1655,0XEUCAST,30.0,BioRepC
train,Untreated,1N1MEAMVOM.tif,1N1MEAMVOM.tif,"['Cy3', 'DAPI']",MG1655,0XEUCAST,30.0,BioRepC
train,Untreated,BENFIFMBWF.tif,BENFIFMBWF.tif,"['Cy3', 'DAPI']",MG1655,0XEUCAST,30.0,BioRepC
train,Untreated,SBYDZS5V5P.tif,SBYDZS5V5P.tif,"['Cy3', 'DAPI']",MG1655,0XEUCAST,30.0,BioRepC
train,Untreated,P2FJV3S4CE.tif,P2FJV3S4CE.tif,"['Cy3', 'DAPI']",MG1655,0XEUCAST,30.0,BioRepC
train,Untreated,6GMC0JM9L7.tif,6GMC0JM9L7.tif,"['Cy3', 'DAPI']",MG1655,0XEUCAST,30.0,BioRepC
train,Untreated,NUAZZXGZAO.tif,NUAZZXGZAO.tif,"['Cy3', 'DAPI']",MG1655,0XEUCAST,30.0,BioRepC
train,Untreated,I6WDZH9UH5.tif,I6WDZH9UH5.tif,"['Cy3', 'DAPI']",MG1655,0XEUCAST,30.0,BioRepC
train,Untreated,E5UC9G24FI.tif,E5UC9G24FI.tif,"['Cy3', 'DAPI']",MG1655,0XEUCAST,30.0,BioRepC
train,Untreated,3IO2PFPGD3.tif,3IO2PFPGD3.tif,"['Cy3', 'DAPI']",MG1655,0XEUCAST,30.0,BioRepC
train,Untreated,11ORLYYSSY.tif,11ORLYYSSY.tif,"['Cy3', 'DAPI']",MG1655,0XEUCAST,30.0,BioRepC
train,Untreated,F0YKAJY1BD.tif,F0YKAJY1BD.tif,"['Cy3', 'DAPI']",MG1655,0XEUCAST,30.0,BioRepC
train,Untreated,MYHNVV2J87.tif,MYHNVV2J87.tif,"['Cy3', 'DAPI']",MG1655,0XEUCAST,30.0,BioRepC
train,Untreated,A46TVD9YA1.tif,A46TVD9YA1.tif,"['Cy3', 'DAPI']",MG1655,0XEUCAST,30.0,BioRepC
train,Untreated,GQDUSSKKFJ.tif,GQDUSSKKFJ.tif,"['Cy3', 'DAPI']",MG1655,0XEUCAST,30.0,BioRepC
train,Untreated,QQE76YZVY3.tif,QQE76YZVY3.tif,"['Cy3', 'DAPI']",MG1655,0XEUCAST,30.0,BioRepC
train,Untreated,MEPSOYZPQM.tif,MEPSOYZPQM.tif,"['Cy3', 'DAPI']",MG1655,0XEUCAST,30.0,BioRepC
train,Untreated,2V3699ELUZ.tif,2V3699ELUZ.tif,"['Cy3', 'DAPI']",MG1655,0XEUCAST,30.0,BioRepC
train,Untreated,ROFV9VK95J.tif,ROFV9VK95J.tif,"['Cy3', 'DAPI']",MG1655,0XEUCAST,30.0,BioRepC
train,Untreated,6PLSBXIYLV.tif,6PLSBXIYLV.tif,"['Cy3', 'DAPI']",MG1655,0XEUCAST,30.0,BioRepC
train,Untreated,Y2X1LBT0G2.tif,Y2X1LBT0G2.tif,"['Cy3', 'DAPI']",MG1655,0XEUCAST,30.0,BioRepC
train,Untreated,L0QZ6QKDIQ.tif,L0QZ6QKDIQ.tif,"['Cy3', 'DAPI']",MG1655,0XEUCAST,30.0,BioRepC
train,Untreated,L9T0DGPZNI.tif,L9T0DGPZNI.tif,"['Cy3', 'DAPI']",MG1655,0XEUCAST,30.0,BioRepC
train,Untreated,G41R9Y6GNI.tif,G41R9Y6GNI.tif,"['Cy3', 'DAPI']",MG1655,0XEUCAST,30.0,BioRepC
train,Untreated,V90FVN35IA.tif,V90FVN35IA.tif,"['Cy3', 'DAPI']",MG1655,0XEUCAST,30.0,BioRepC
train,Untreated,UYJYPDNJY1.tif,UYJYPDNJY1.tif,"['Cy3', 'DAPI']",MG1655,0XEUCAST,30.0,BioRepC
train,Untreated,12SUU2JW84.tif,12SUU2JW84.tif,"['Cy3', 'DAPI']",MG1655,0XEUCAST,30.0,BioRepC
train,Untreated,849VYZVTIR.tif,849VYZVTIR.tif,"['Cy3', 'DAPI']",MG1655,0XEUCAST,30.0,BioRepC
train,Untreated,RYKBNS80FW.tif,RYKBNS80FW.tif,"['Cy3', 'DAPI']",MG1655,0XEUCAST,30.0,BioRepC
train,Untreated,RHIU5WL379.tif,RHIU5WL379.tif,"['Cy3', 'DAPI']",MG1655,0XEUCAST,30.0,BioRepC
train,Untreated,DOX3SX55OI.tif,DOX3SX55OI.tif,"['Cy3', 'DAPI']",MG1655,0XEUCAST,30.0,BioRepC
train,Untreated,18TYAV3UOX.tif,18TYAV3UOX.tif,"['Cy3', 'DAPI']",MG1655,0XEUCAST,30.0,BioRepC
train,Untreated,LORI5Q4CO1.tif,LORI5Q4CO1.tif,"['Cy3', 'DAPI']",MG1655,0XEUCAST,30.0,BioRepC
train,Ciprofloxacin,F0D4YRUHO2.tif,F0D4YRUHO2.tif,"['Cy3', 'DAPI']",MG1655,1XEUCAST,30.0,BioRepC
train,Ciprofloxacin,0AKFPFHX3R.tif,0AKFPFHX3R.tif,"['Cy3', 'DAPI']",MG1655,1XEUCAST,30.0,BioRepC
train,Ciprofloxacin,BN6PHEOVDW.tif,BN6PHEOVDW.tif,"['Cy3', 'DAPI']",MG1655,1XEUCAST,30.0,BioRepC
train,Ciprofloxacin,MRGE8P4TOY.tif,MRGE8P4TOY.tif,"['Cy3', 'DAPI']",MG1655,1XEUCAST,30.0,BioRepC
train,Ciprofloxacin,ZFYTDINU3W.tif,ZFYTDINU3W.tif,"['Cy3', 'DAPI']",MG1655,1XEUCAST,30.0,BioRepC
train,Ciprofloxacin,7R3A640SPL.tif,7R3A640SPL.tif,"['Cy3', 'DAPI']",MG1655,1XEUCAST,30.0,BioRepC
train,Ciprofloxacin,PJLM3FC1SR.tif,PJLM3FC1SR.tif,"['Cy3', 'DAPI']",MG1655,1XEUCAST,30.0,BioRepC
train,Ciprofloxacin,X2V7K0O757.tif,X2V7K0O757.tif,"['Cy3', 'DAPI']",MG1655,1XEUCAST,30.0,BioRepC
train,Ciprofloxacin,DB6MRZVNOI.tif,DB6MRZVNOI.tif,"['Cy3', 'DAPI']",MG1655,1XEUCAST,30.0,BioRepC
train,Ciprofloxacin,ZPN763EHM7.tif,ZPN763EHM7.tif,"['Cy3', 'DAPI']",MG1655,1XEUCAST,30.0,BioRepC
train,Ciprofloxacin,PIJRES2OLW.tif,PIJRES2OLW.tif,"['Cy3', 'DAPI']",MG1655,1XEUCAST,30.0,BioRepC
train,Ciprofloxacin,QGB1DL2DXO.tif,QGB1DL2DXO.tif,"['Cy3', 'DAPI']",MG1655,1XEUCAST,30.0,BioRepC
train,Ciprofloxacin,W135NF5YXY.tif,W135NF5YXY.tif,"['Cy3', 'DAPI']",MG1655,1XEUCAST,30.0,BioRepC
train,Ciprofloxacin,WCAMQAOUOH.tif,WCAMQAOUOH.tif,"['Cy3', 'DAPI']",MG1655,1XEUCAST,30.0,BioRepC
train,Ciprofloxacin,ZQMXSDRIJ7.tif,ZQMXSDRIJ7.tif,"['Cy3', 'DAPI']",MG1655,1XEUCAST,30.0,BioRepC
train,Ciprofloxacin,2W8Y48EJJT.tif,2W8Y48EJJT.tif,"['Cy3', 'DAPI']",MG1655,1XEUCAST,30.0,BioRepC
train,Ciprofloxacin,8023B512BQ.tif,8023B512BQ.tif,"['Cy3', 'DAPI']",MG1655,1XEUCAST,30.0,BioRepC
train,Ciprofloxacin,QKSJ6HYDRG.tif,QKSJ6HYDRG.tif,"['Cy3', 'DAPI']",MG1655,1XEUCAST,30.0,BioRepC
train,Ciprofloxacin,QR4MACEMVQ.tif,QR4MACEMVQ.tif,"['Cy3', 'DAPI']",MG1655,1XEUCAST,30.0,BioRepC
train,Ciprofloxacin,RS3KYAG7GM.tif,RS3KYAG7GM.tif,"['Cy3', 'DAPI']",MG1655,1XEUCAST,30.0,BioRepC
train,Ciprofloxacin,JPLEARW5NF.tif,JPLEARW5NF.tif,"['Cy3', 'DAPI']",MG1655,1XEUCAST,30.0,BioRepC
train,Ciprofloxacin,UNAVSAPXQU.tif,UNAVSAPXQU.tif,"['Cy3', 'DAPI']",MG1655,1XEUCAST,30.0,BioRepC
train,Ciprofloxacin,1KSOW9HKF4.tif,1KSOW9HKF4.tif,"['Cy3', 'DAPI']",MG1655,1XEUCAST,30.0,BioRepC
train,Ciprofloxacin,ZF51JR7DBE.tif,ZF51JR7DBE.tif,"['Cy3', 'DAPI']",MG1655,1XEUCAST,30.0,BioRepC
train,Ciprofloxacin,L7HMO4GU0H.tif,L7HMO4GU0H.tif,"['Cy3', 'DAPI']",MG1655,1XEUCAST,30.0,BioRepC
train,Ciprofloxacin,FBPR88ONN1.tif,FBPR88ONN1.tif,"['Cy3', 'DAPI']",MG1655,1XEUCAST,30.0,BioRepC
train,Ciprofloxacin,FTI44UEALH.tif,FTI44UEALH.tif,"['Cy3', 'DAPI']",MG1655,1XEUCAST,30.0,BioRepC
train,Ciprofloxacin,11YMGYAL04.tif,11YMGYAL04.tif,"['Cy3', 'DAPI']",MG1655,1XEUCAST,30.0,BioRepC
train,Ciprofloxacin,N4NOJMXSFP.tif,N4NOJMXSFP.tif,"['Cy3', 'DAPI']",MG1655,1XEUCAST,30.0,BioRepC
train,Ciprofloxacin,6NKYNBYD3K.tif,6NKYNBYD3K.tif,"['Cy3', 'DAPI']",MG1655,1XEUCAST,30.0,BioRepC
train,Ciprofloxacin,VRYO3J6VD5.tif,VRYO3J6VD5.tif,"['Cy3', 'DAPI']",MG1655,1XEUCAST,30.0,BioRepC
train,Ciprofloxacin,1MKKWSQB1O.tif,1MKKWSQB1O.tif,"['Cy3', 'DAPI']",MG1655,1XEUCAST,30.0,BioRepC
train,Ciprofloxacin,49RLCUQ724.tif,49RLCUQ724.tif,"['Cy3', 'DAPI']",MG1655,1XEUCAST,30.0,BioRepC
train,Ciprofloxacin,DYFV4AH64H.tif,DYFV4AH64H.tif,"['Cy3', 'DAPI']",MG1655,1XEUCAST,30.0,BioRepC
train,Ciprofloxacin,AFX8IAMAR4.tif,AFX8IAMAR4.tif,"['Cy3', 'DAPI']",MG1655,1XEUCAST,30.0,BioRepC
train,Ciprofloxacin,FW07EB7H7V.tif,FW07EB7H7V.tif,"['Cy3', 'DAPI']",MG1655,1XEUCAST,30.0,BioRepC
train,Ciprofloxacin,6KPCQJ5DXA.tif,6KPCQJ5DXA.tif,"['Cy3', 'DAPI']",MG1655,1XEUCAST,30.0,BioRepC
train,Ciprofloxacin,VURJTV6BN1.tif,VURJTV6BN1.tif,"['Cy3', 'DAPI']",MG1655,1XEUCAST,30.0,BioRepC
train,Ciprofloxacin,8YGDPHO8GN.tif,8YGDPHO8GN.tif,"['Cy3', 'DAPI']",MG1655,1XEUCAST,30.0,BioRepC
train,Ciprofloxacin,RPOULL5X0O.tif,RPOULL5X0O.tif,"['Cy3', 'DAPI']",MG1655,1XEUCAST,30.0,BioRepC
train,Ciprofloxacin,7P7L939C9Y.tif,7P7L939C9Y.tif,"['Cy3', 'DAPI']",MG1655,1XEUCAST,30.0,BioRepC
train,Ciprofloxacin,OJ59V2IATZ.tif,OJ59V2IATZ.tif,"['Cy3', 'DAPI']",MG1655,1XEUCAST,30.0,BioRepC
train,Ciprofloxacin,VZKDCZF2QW.tif,VZKDCZF2QW.tif,"['Cy3', 'DAPI']",MG1655,1XEUCAST,30.0,BioRepC
train,Ciprofloxacin,HALCE177JS.tif,HALCE177JS.tif,"['Cy3', 'DAPI']",MG1655,1XEUCAST,30.0,BioRepC
train,Ciprofloxacin,3L65FHAO92.tif,3L65FHAO92.tif,"['Cy3', 'DAPI']",MG1655,1XEUCAST,30.0,BioRepC
train,Ciprofloxacin,C23K9O6GFK.tif,C23K9O6GFK.tif,"['Cy3', 'DAPI']",MG1655,1XEUCAST,30.0,BioRepC
train,Ciprofloxacin,VEV6IEY80O.tif,VEV6IEY80O.tif,"['Cy3', 'DAPI']",MG1655,1XEUCAST,30.0,BioRepC
train,Ciprofloxacin,PREHVRXFYD.tif,PREHVRXFYD.tif,"['Cy3', 'DAPI']",MG1655,1XEUCAST,30.0,BioRepC
train,Ciprofloxacin,D5O189MIC0.tif,D5O189MIC0.tif,"['Cy3', 'DAPI']",MG1655,1XEUCAST,30.0,BioRepC
train,Ciprofloxacin,ED6U2ZWBHT.tif,ED6U2ZWBHT.tif,"['Cy3', 'DAPI']",MG1655,1XEUCAST,30.0,BioRepC
train,Ciprofloxacin,R4MAL4S7HQ.tif,R4MAL4S7HQ.tif,"['Cy3', 'DAPI']",MG1655,1XEUCAST,30.0,BioRepC
train,Ciprofloxacin,3OODTIXVVV.tif,3OODTIXVVV.tif,"['Cy3', 'DAPI']",MG1655,1XEUCAST,30.0,BioRepC
train,Ciprofloxacin,BIQBVX9OW3.tif,BIQBVX9OW3.tif,"['Cy3', 'DAPI']",MG1655,1XEUCAST,30.0,BioRepC
train,Ciprofloxacin,S46V6HF4RV.tif,S46V6HF4RV.tif,"['Cy3', 'DAPI']",MG1655,1XEUCAST,30.0,BioRepC
train,Ciprofloxacin,V41YCGPULG.tif,V41YCGPULG.tif,"['Cy3', 'DAPI']",MG1655,1XEUCAST,30.0,BioRepC
train,Ciprofloxacin,CE2JV4GY2T.tif,CE2JV4GY2T.tif,"['Cy3', 'DAPI']",MG1655,1XEUCAST,30.0,BioRepC
train,Ciprofloxacin,M9AN9HCAIM.tif,M9AN9HCAIM.tif,"['Cy3', 'DAPI']",MG1655,1XEUCAST,30.0,BioRepC
train,Ciprofloxacin,J4J8FHCQVD.tif,J4J8FHCQVD.tif,"['Cy3', 'DAPI']",MG1655,1XEUCAST,30.0,BioRepC
train,Ciprofloxacin,DJA6MYFUQ6.tif,DJA6MYFUQ6.tif,"['Cy3', 'DAPI']",MG1655,1XEUCAST,30.0,BioRepC
train,Ciprofloxacin,ZX08UB9QNH.tif,ZX08UB9QNH.tif,"['Cy3', 'DAPI']",MG1655,1XEUCAST,30.0,BioRepC
train,Ciprofloxacin,598NMHOBMN.tif,598NMHOBMN.tif,"['Cy3', 'DAPI']",MG1655,1XEUCAST,30.0,BioRepC
train,Ciprofloxacin,I9W6RCIVJK.tif,I9W6RCIVJK.tif,"['Cy3', 'DAPI']",MG1655,1XEUCAST,30.0,BioRepC
train,Ciprofloxacin,MBI00VHAYJ.tif,MBI00VHAYJ.tif,"['Cy3', 'DAPI']",MG1655,1XEUCAST,30.0,BioRepC
train,Ciprofloxacin,S7VNY19BZ6.tif,S7VNY19BZ6.tif,"['Cy3', 'DAPI']",MG1655,1XEUCAST,30.0,BioRepC
train,Ciprofloxacin,5OOW1ALL7G.tif,5OOW1ALL7G.tif,"['Cy3', 'DAPI']",MG1655,1XEUCAST,30.0,BioRepC
train,Ciprofloxacin,2KWTBVYZVK.tif,2KWTBVYZVK.tif,"['Cy3', 'DAPI']",MG1655,1XEUCAST,30.0,BioRepC
train,Ciprofloxacin,RJTUAMUTAE.tif,RJTUAMUTAE.tif,"['Cy3', 'DAPI']",MG1655,1XEUCAST,30.0,BioRepC
train,Ciprofloxacin,EIK57U0PTJ.tif,EIK57U0PTJ.tif,"['Cy3', 'DAPI']",MG1655,1XEUCAST,30.0,BioRepC
train,Ciprofloxacin,UWD5JL6Q4I.tif,UWD5JL6Q4I.tif,"['Cy3', 'DAPI']",MG1655,1XEUCAST,30.0,BioRepC
train,Ciprofloxacin,9CU5Q03RM3.tif,9CU5Q03RM3.tif,"['Cy3', 'DAPI']",MG1655,1XEUCAST,30.0,BioRepC
train,Ciprofloxacin,OSED1TR2J1.tif,OSED1TR2J1.tif,"['Cy3', 'DAPI']",MG1655,1XEUCAST,30.0,BioRepC
train,Ciprofloxacin,UR3ZJWXEX5.tif,UR3ZJWXEX5.tif,"['Cy3', 'DAPI']",MG1655,1XEUCAST,30.0,BioRepC
train,Ciprofloxacin,IFY5IMLWZS.tif,IFY5IMLWZS.tif,"['Cy3', 'DAPI']",MG1655,1XEUCAST,30.0,BioRepC
train,Ciprofloxacin,WO12M2RO8Y.tif,WO12M2RO8Y.tif,"['Cy3', 'DAPI']",MG1655,1XEUCAST,30.0,BioRepC
train,Ciprofloxacin,QSGP8B1GCF.tif,QSGP8B1GCF.tif,"['Cy3', 'DAPI']",MG1655,1XEUCAST,30.0,BioRepC
train,Ciprofloxacin,0H17BAPA8Y.tif,0H17BAPA8Y.tif,"['Cy3', 'DAPI']",MG1655,1XEUCAST,30.0,BioRepC
train,Ciprofloxacin,CQU0V1D1HZ.tif,CQU0V1D1HZ.tif,"['Cy3', 'DAPI']",MG1655,1XEUCAST,30.0,BioRepC
train,Ciprofloxacin,PV1VIOQBSX.tif,PV1VIOQBSX.tif,"['Cy3', 'DAPI']",MG1655,1XEUCAST,30.0,BioRepC
train,Ciprofloxacin,6RFMAEGI9F.tif,6RFMAEGI9F.tif,"['Cy3', 'DAPI']",MG1655,1XEUCAST,30.0,BioRepC
train,Ciprofloxacin,BJQO6LUE4L.tif,BJQO6LUE4L.tif,"['Cy3', 'DAPI']",MG1655,1XEUCAST,30.0,BioRepC
train,Ciprofloxacin,ZMWUG22KS2.tif,ZMWUG22KS2.tif,"['Cy3', 'DAPI']",MG1655,1XEUCAST,30.0,BioRepC
train,Ciprofloxacin,GIDGWZUWLX.tif,GIDGWZUWLX.tif,"['Cy3', 'DAPI']",MG1655,1XEUCAST,30.0,BioRepC
train,Ciprofloxacin,4ED7QWO3JC.tif,4ED7QWO3JC.tif,"['Cy3', 'DAPI']",MG1655,1XEUCAST,30.0,BioRepC
train,Ciprofloxacin,UCU5Y4M15X.tif,UCU5Y4M15X.tif,"['Cy3', 'DAPI']",MG1655,1XEUCAST,30.0,BioRepC
train,Ciprofloxacin,9LPEDPNM1P.tif,9LPEDPNM1P.tif,"['Cy3', 'DAPI']",MG1655,1XEUCAST,30.0,BioRepC
train,Ciprofloxacin,GC8CTO3VJE.tif,GC8CTO3VJE.tif,"['Cy3', 'DAPI']",MG1655,1XEUCAST,30.0,BioRepC
train,Ciprofloxacin,BI5DBLNNEA.tif,BI5DBLNNEA.tif,"['Cy3', 'DAPI']",MG1655,1XEUCAST,30.0,BioRepC
train,Ciprofloxacin,579XIOA14U.tif,579XIOA14U.tif,"['Cy3', 'DAPI']",MG1655,1XEUCAST,30.0,BioRepC
train,Ciprofloxacin,ZZQ3SU4JAO.tif,ZZQ3SU4JAO.tif,"['Cy3', 'DAPI']",MG1655,1XEUCAST,30.0,BioRepC
train,Ciprofloxacin,R3ZATUKLY1.tif,R3ZATUKLY1.tif,"['Cy3', 'DAPI']",MG1655,1XEUCAST,30.0,BioRepC
train,Ciprofloxacin,OKIW3MCCO3.tif,OKIW3MCCO3.tif,"['Cy3', 'DAPI']",MG1655,1XEUCAST,30.0,BioRepC
train,Ciprofloxacin,KZEYJQXEQ2.tif,KZEYJQXEQ2.tif,"['Cy3', 'DAPI']",MG1655,1XEUCAST,30.0,BioRepC
train,Ciprofloxacin,ZR8W4I3T9J.tif,ZR8W4I3T9J.tif,"['Cy3', 'DAPI']",MG1655,1XEUCAST,30.0,BioRepC
train,Ciprofloxacin,YY02SU1YCF.tif,YY02SU1YCF.tif,"['Cy3', 'DAPI']",MG1655,1XEUCAST,30.0,BioRepC
train,Ciprofloxacin,PEBKEDLF6M.tif,PEBKEDLF6M.tif,"['Cy3', 'DAPI']",MG1655,1XEUCAST,30.0,BioRepC
train,Ciprofloxacin,9PIWWGPHWF.tif,9PIWWGPHWF.tif,"['Cy3', 'DAPI']",MG1655,1XEUCAST,30.0,BioRepC
train,Ciprofloxacin,OTQGOY604Z.tif,OTQGOY604Z.tif,"['Cy3', 'DAPI']",MG1655,1XEUCAST,30.0,BioRepC
train,Ciprofloxacin,GF7HBUNVZC.tif,GF7HBUNVZC.tif,"['Cy3', 'DAPI']",MG1655,1XEUCAST,30.0,BioRepC
train,Ciprofloxacin,ES2H246OJD.tif,ES2H246OJD.tif,"['Cy3', 'DAPI']",MG1655,1XEUCAST,30.0,BioRepC
train,Ciprofloxacin,QDHP210L2R.tif,QDHP210L2R.tif,"['Cy3', 'DAPI']",MG1655,1XEUCAST,30.0,BioRepC
train,Ciprofloxacin,4FCKX18ICA.tif,4FCKX18ICA.tif,"['Cy3', 'DAPI']",MG1655,1XEUCAST,30.0,BioRepC
train,Ciprofloxacin,2MGUBNENFV.tif,2MGUBNENFV.tif,"['Cy3', 'DAPI']",MG1655,1XEUCAST,30.0,BioRepC
train,Ciprofloxacin,EIBSBFOA9P.tif,EIBSBFOA9P.tif,"['Cy3', 'DAPI']",MG1655,1XEUCAST,30.0,BioRepC
train,Ciprofloxacin,I4K5OY0UFP.tif,I4K5OY0UFP.tif,"['Cy3', 'DAPI']",MG1655,1XEUCAST,30.0,BioRepC
train,Ciprofloxacin,WMGVX0XBAR.tif,WMGVX0XBAR.tif,"['Cy3', 'DAPI']",MG1655,1XEUCAST,30.0,BioRepC
train,Ciprofloxacin,GIBPYYZ675.tif,GIBPYYZ675.tif,"['Cy3', 'DAPI']",MG1655,1XEUCAST,30.0,BioRepC
train,Ciprofloxacin,UA5AW5ZEY0.tif,UA5AW5ZEY0.tif,"['Cy3', 'DAPI']",MG1655,1XEUCAST,30.0,BioRepC
train,Ciprofloxacin,8D9M3BWEC9.tif,8D9M3BWEC9.tif,"['Cy3', 'DAPI']",MG1655,1XEUCAST,30.0,BioRepC
train,Ciprofloxacin,09LAOASGTO.tif,09LAOASGTO.tif,"['Cy3', 'DAPI']",MG1655,1XEUCAST,30.0,BioRepC
train,Ciprofloxacin,GWU7RNXI4M.tif,GWU7RNXI4M.tif,"['Cy3', 'DAPI']",MG1655,1XEUCAST,30.0,BioRepC
train,Ciprofloxacin,T5Y87Y3HVQ.tif,T5Y87Y3HVQ.tif,"['Cy3', 'DAPI']",MG1655,1XEUCAST,30.0,BioRepC
train,Ciprofloxacin,4F1RKA2SP5.tif,4F1RKA2SP5.tif,"['Cy3', 'DAPI']",MG1655,1XEUCAST,30.0,BioRepC
train,Ciprofloxacin,Z8Q9KCC0NK.tif,Z8Q9KCC0NK.tif,"['Cy3', 'DAPI']",MG1655,1XEUCAST,30.0,BioRepC
train,Ciprofloxacin,37D9HJQ4I2.tif,37D9HJQ4I2.tif,"['Cy3', 'DAPI']",MG1655,1XEUCAST,30.0,BioRepC
train,Ciprofloxacin,N1AITG2YO2.tif,N1AITG2YO2.tif,"['Cy3', 'DAPI']",MG1655,1XEUCAST,30.0,BioRepC
train,Ciprofloxacin,5ACPAGLCEG.tif,5ACPAGLCEG.tif,"['Cy3', 'DAPI']",MG1655,1XEUCAST,30.0,BioRepC
train,Ciprofloxacin,VLYD1ZHX8F.tif,VLYD1ZHX8F.tif,"['Cy3', 'DAPI']",MG1655,1XEUCAST,30.0,BioRepC
train,Ciprofloxacin,HCGW1VK1HY.tif,HCGW1VK1HY.tif,"['Cy3', 'DAPI']",MG1655,1XEUCAST,30.0,BioRepC
train,Ciprofloxacin,H89HZXEAA8.tif,H89HZXEAA8.tif,"['Cy3', 'DAPI']",MG1655,1XEUCAST,30.0,BioRepC
train,Ciprofloxacin,98ZXJLK2QO.tif,98ZXJLK2QO.tif,"['Cy3', 'DAPI']",MG1655,1XEUCAST,30.0,BioRepC
train,Ciprofloxacin,I884LNY13K.tif,I884LNY13K.tif,"['Cy3', 'DAPI']",MG1655,1XEUCAST,30.0,BioRepC
train,Ciprofloxacin,Q1A2HFDHAF.tif,Q1A2HFDHAF.tif,"['Cy3', 'DAPI']",MG1655,1XEUCAST,30.0,BioRepC
train,Ciprofloxacin,2XEAJNZ61E.tif,2XEAJNZ61E.tif,"['Cy3', 'DAPI']",MG1655,1XEUCAST,30.0,BioRepC
train,Ciprofloxacin,71KSS80HU8.tif,71KSS80HU8.tif,"['Cy3', 'DAPI']",MG1655,1XEUCAST,30.0,BioRepC
train,Ciprofloxacin,7YL2UVT4N0.tif,7YL2UVT4N0.tif,"['Cy3', 'DAPI']",MG1655,1XEUCAST,30.0,BioRepC
train,Ciprofloxacin,7HFC1BZWUN.tif,7HFC1BZWUN.tif,"['Cy3', 'DAPI']",MG1655,1XEUCAST,30.0,BioRepC
train,Ciprofloxacin,6LW0MVAM47.tif,6LW0MVAM47.tif,"['Cy3', 'DAPI']",MG1655,1XEUCAST,30.0,BioRepC
train,Ciprofloxacin,C0DX2I8BSS.tif,C0DX2I8BSS.tif,"['Cy3', 'DAPI']",MG1655,1XEUCAST,30.0,BioRepC
train,Ciprofloxacin,664X2K93TP.tif,664X2K93TP.tif,"['Cy3', 'DAPI']",MG1655,1XEUCAST,30.0,BioRepC
train,Ciprofloxacin,8E2DXIVE30.tif,8E2DXIVE30.tif,"['Cy3', 'DAPI']",MG1655,1XEUCAST,30.0,BioRepC
train,Ciprofloxacin,L8DTL5LF13.tif,L8DTL5LF13.tif,"['Cy3', 'DAPI']",MG1655,1XEUCAST,30.0,BioRepC
train,Ciprofloxacin,5MJJ6C52LZ.tif,5MJJ6C52LZ.tif,"['Cy3', 'DAPI']",MG1655,1XEUCAST,30.0,BioRepC
train,Ciprofloxacin,ZG1EPXYN2C.tif,ZG1EPXYN2C.tif,"['Cy3', 'DAPI']",MG1655,1XEUCAST,30.0,BioRepC
train,Ciprofloxacin,5D169T13Q7.tif,5D169T13Q7.tif,"['Cy3', 'DAPI']",MG1655,1XEUCAST,30.0,BioRepC
train,Ciprofloxacin,977UO9MLNI.tif,977UO9MLNI.tif,"['Cy3', 'DAPI']",MG1655,1XEUCAST,30.0,BioRepC
train,Ciprofloxacin,JJPA5JHE9U.tif,JJPA5JHE9U.tif,"['Cy3', 'DAPI']",MG1655,1XEUCAST,30.0,BioRepC
train,Ciprofloxacin,7GBFJ14DSF.tif,7GBFJ14DSF.tif,"['Cy3', 'DAPI']",MG1655,1XEUCAST,30.0,BioRepC
train,Ciprofloxacin,XU8JE4F4FD.tif,XU8JE4F4FD.tif,"['Cy3', 'DAPI']",MG1655,1XEUCAST,30.0,BioRepC
train,Ciprofloxacin,IWY4635NKM.tif,IWY4635NKM.tif,"['Cy3', 'DAPI']",MG1655,1XEUCAST,30.0,BioRepC
train,Ciprofloxacin,7V5NQ703G9.tif,7V5NQ703G9.tif,"['Cy3', 'DAPI']",MG1655,1XEUCAST,30.0,BioRepC
train,Ciprofloxacin,XBIX1C9TP3.tif,XBIX1C9TP3.tif,"['Cy3', 'DAPI']",MG1655,1XEUCAST,30.0,BioRepC
train,Ciprofloxacin,MFU4Z527ST.tif,MFU4Z527ST.tif,"['Cy3', 'DAPI']",MG1655,1XEUCAST,30.0,BioRepC
train,Ciprofloxacin,55IU3CUFCJ.tif,55IU3CUFCJ.tif,"['Cy3', 'DAPI']",MG1655,1XEUCAST,30.0,BioRepC
train,Ciprofloxacin,CU9DU3V44L.tif,CU9DU3V44L.tif,"['Cy3', 'DAPI']",MG1655,1XEUCAST,30.0,BioRepC
train,Ciprofloxacin,62XZC34CHL.tif,62XZC34CHL.tif,"['Cy3', 'DAPI']",MG1655,1XEUCAST,30.0,BioRepC
train,Ciprofloxacin,LJ8HWXLUAM.tif,LJ8HWXLUAM.tif,"['Cy3', 'DAPI']",MG1655,1XEUCAST,30.0,BioRepC
train,Ciprofloxacin,0GYBNIW6V8.tif,0GYBNIW6V8.tif,"['Cy3', 'DAPI']",MG1655,1XEUCAST,30.0,BioRepC
train,Ciprofloxacin,24APBOK81C.tif,24APBOK81C.tif,"['Cy3', 'DAPI']",MG1655,1XEUCAST,30.0,BioRepC
train,Ciprofloxacin,JFJWN6PJLA.tif,JFJWN6PJLA.tif,"['Cy3', 'DAPI']",MG1655,1XEUCAST,30.0,BioRepC
train,Ciprofloxacin,BI29LS380M.tif,BI29LS380M.tif,"['Cy3', 'DAPI']",MG1655,1XEUCAST,30.0,BioRepC
train,Ciprofloxacin,HSRX7OA509.tif,HSRX7OA509.tif,"['Cy3', 'DAPI']",MG1655,1XEUCAST,30.0,BioRepC
train,Ciprofloxacin,1N498HWG69.tif,1N498HWG69.tif,"['Cy3', 'DAPI']",MG1655,1XEUCAST,30.0,BioRepC
train,Ciprofloxacin,91LGVU4IM2.tif,91LGVU4IM2.tif,"['Cy3', 'DAPI']",MG1655,1XEUCAST,30.0,BioRepC
train,Ciprofloxacin,WQWT2VSHPG.tif,WQWT2VSHPG.tif,"['Cy3', 'DAPI']",MG1655,1XEUCAST,30.0,BioRepC
train,Ciprofloxacin,RWYKUTSP4K.tif,RWYKUTSP4K.tif,"['Cy3', 'DAPI']",MG1655,1XEUCAST,30.0,BioRepC
train,Ciprofloxacin,IQWKVF6VWE.tif,IQWKVF6VWE.tif,"['Cy3', 'DAPI']",MG1655,1XEUCAST,30.0,BioRepC
train,Ciprofloxacin,Y1I0O8LCZJ.tif,Y1I0O8LCZJ.tif,"['Cy3', 'DAPI']",MG1655,1XEUCAST,30.0,BioRepC
train,Ciprofloxacin,5CBB257HE0.tif,5CBB257HE0.tif,"['Cy3', 'DAPI']",MG1655,1XEUCAST,30.0,BioRepC
train,Ciprofloxacin,R6B24V8B0Q.tif,R6B24V8B0Q.tif,"['Cy3', 'DAPI']",MG1655,1XEUCAST,30.0,BioRepC
train,Ciprofloxacin,IBI94KU7CE.tif,IBI94KU7CE.tif,"['Cy3', 'DAPI']",MG1655,1XEUCAST,30.0,
train,Ciprofloxacin,I76T2X6QWP.tif,I76T2X6QWP.tif,"['Cy3', 'DAPI']",MG1655,1XEUCAST,30.0,
train,Ciprofloxacin,YNDXL7T21Y.tif,YNDXL7T21Y.tif,"['Cy3', 'DAPI']",MG1655,1XEUCAST,30.0,
train,Ciprofloxacin,C6OXIICBSF.tif,C6OXIICBSF.tif,"['Cy3', 'DAPI']",MG1655,1XEUCAST,30.0,
train,Ciprofloxacin,S30VIHWM38.tif,S30VIHWM38.tif,"['Cy3', 'DAPI']",MG1655,1XEUCAST,30.0,
train,Ciprofloxacin,AXSMVUX4CW.tif,AXSMVUX4CW.tif,"['Cy3', 'DAPI']",MG1655,1XEUCAST,30.0,
train,Ciprofloxacin,0LF59ONDQE.tif,0LF59ONDQE.tif,"['Cy3', 'DAPI']",MG1655,1XEUCAST,30.0,
train,Ciprofloxacin,SUDK99NY8L.tif,SUDK99NY8L.tif,"['Cy3', 'DAPI']",MG1655,1XEUCAST,30.0,
train,Ciprofloxacin,15TYW4C6IU.tif,15TYW4C6IU.tif,"['Cy3', 'DAPI']",MG1655,1XEUCAST,30.0,
train,Ciprofloxacin,4HWH62H5TZ.tif,4HWH62H5TZ.tif,"['Cy3', 'DAPI']",MG1655,1XEUCAST,30.0,
train,Ciprofloxacin,797AEI4BCD.tif,797AEI4BCD.tif,"['Cy3', 'DAPI']",MG1655,1XEUCAST,60.0,
train,Ciprofloxacin,ZQ1CLV18EX.tif,ZQ1CLV18EX.tif,"['Cy3', 'DAPI']",MG1655,1XEUCAST,60.0,
train,Ciprofloxacin,766LFJK0AZ.tif,766LFJK0AZ.tif,"['Cy3', 'DAPI']",MG1655,1XEUCAST,60.0,
train,Ciprofloxacin,YF6CSXLD6F.tif,YF6CSXLD6F.tif,"['Cy3', 'DAPI']",MG1655,1XEUCAST,60.0,
train,Ciprofloxacin,I8I3B9USHQ.tif,I8I3B9USHQ.tif,"['Cy3', 'DAPI']",MG1655,1XEUCAST,60.0,
train,Ciprofloxacin,S8HKYU2ZWE.tif,S8HKYU2ZWE.tif,"['Cy3', 'DAPI']",MG1655,1XEUCAST,60.0,
train,Ciprofloxacin,TCARIO83DC.tif,TCARIO83DC.tif,"['Cy3', 'DAPI']",MG1655,1XEUCAST,60.0,
train,Ciprofloxacin,F241NOX5VL.tif,F241NOX5VL.tif,"['Cy3', 'DAPI']",MG1655,1XEUCAST,60.0,
train,Ciprofloxacin,MHPA10WRM1.tif,MHPA10WRM1.tif,"['Cy3', 'DAPI']",MG1655,1XEUCAST,60.0,
train,Ciprofloxacin,UZB2OUO8WL.tif,UZB2OUO8WL.tif,"['Cy3', 'DAPI']",MG1655,1XEUCAST,60.0,
train,Ciprofloxacin,I7OFPGJ5RE.tif,I7OFPGJ5RE.tif,"['Cy3', 'DAPI']",MG1655,1XEUCAST,90.0,
train,Ciprofloxacin,BFPRTV9IAN.tif,BFPRTV9IAN.tif,"['Cy3', 'DAPI']",MG1655,1XEUCAST,90.0,
train,Ciprofloxacin,83YZM6YL54.tif,83YZM6YL54.tif,"['Cy3', 'DAPI']",MG1655,1XEUCAST,90.0,
train,Ciprofloxacin,PE5PNXNXI4.tif,PE5PNXNXI4.tif,"['Cy3', 'DAPI']",MG1655,1XEUCAST,90.0,
train,Ciprofloxacin,TE852W2E0C.tif,TE852W2E0C.tif,"['Cy3', 'DAPI']",MG1655,1XEUCAST,90.0,
train,Ciprofloxacin,RCZDJ3A5FM.tif,RCZDJ3A5FM.tif,"['Cy3', 'DAPI']",MG1655,1XEUCAST,90.0,
train,Ciprofloxacin,ASCJ93DRAU.tif,ASCJ93DRAU.tif,"['Cy3', 'DAPI']",MG1655,1XEUCAST,90.0,
train,Ciprofloxacin,OY0T9OXZJY.tif,OY0T9OXZJY.tif,"['Cy3', 'DAPI']",MG1655,1XEUCAST,90.0,
train,Ciprofloxacin,IHGEVPMPM6.tif,IHGEVPMPM6.tif,"['Cy3', 'DAPI']",MG1655,1XEUCAST,90.0,
train,Ciprofloxacin,T7OAV87KRZ.tif,T7OAV87KRZ.tif,"['Cy3', 'DAPI']",MG1655,1XEUCAST,90.0,
train,Ciprofloxacin,ZD246U6D7P.tif,ZD246U6D7P.tif,"['Cy3', 'DAPI']",MG1655,1XEUCAST,30.0,BioRepA
train,Ciprofloxacin,U4GTWRR4IT.tif,U4GTWRR4IT.tif,"['Cy3', 'DAPI']",MG1655,1XEUCAST,30.0,BioRepA
train,Ciprofloxacin,ZVE2V7CYWL.tif,ZVE2V7CYWL.tif,"['Cy3', 'DAPI']",MG1655,1XEUCAST,30.0,BioRepA
train,Ciprofloxacin,KRMAASIDTP.tif,KRMAASIDTP.tif,"['Cy3', 'DAPI']",MG1655,1XEUCAST,30.0,BioRepA
train,Ciprofloxacin,CQCOQO298K.tif,CQCOQO298K.tif,"['Cy3', 'DAPI']",MG1655,1XEUCAST,30.0,BioRepA
train,Ciprofloxacin,GS8DV5HSNP.tif,GS8DV5HSNP.tif,"['Cy3', 'DAPI']",MG1655,1XEUCAST,30.0,BioRepA
train,Ciprofloxacin,YPFWNK32WB.tif,YPFWNK32WB.tif,"['Cy3', 'DAPI']",MG1655,1XEUCAST,30.0,BioRepA
train,Ciprofloxacin,9RKODOKRB3.tif,9RKODOKRB3.tif,"['Cy3', 'DAPI']",MG1655,1XEUCAST,30.0,BioRepA
train,Ciprofloxacin,LLHJLW68G9.tif,LLHJLW68G9.tif,"['Cy3', 'DAPI']",MG1655,1XEUCAST,30.0,BioRepA
train,Ciprofloxacin,6395V86JB0.tif,6395V86JB0.tif,"['Cy3', 'DAPI']",MG1655,1XEUCAST,30.0,BioRepA
train,Ciprofloxacin,QMXNQZ1825.tif,QMXNQZ1825.tif,"['Cy3', 'DAPI']",MG1655,1XEUCAST,30.0,BioRepA
train,Ciprofloxacin,8C2PQERGVO.tif,8C2PQERGVO.tif,"['Cy3', 'DAPI']",MG1655,1XEUCAST,30.0,BioRepA
train,Ciprofloxacin,EIV4CFGBKO.tif,EIV4CFGBKO.tif,"['Cy3', 'DAPI']",MG1655,1XEUCAST,30.0,BioRepA
train,Ciprofloxacin,HEE9I7F83H.tif,HEE9I7F83H.tif,"['Cy3', 'DAPI']",MG1655,1XEUCAST,30.0,BioRepA
train,Ciprofloxacin,XN2U0UHVWJ.tif,XN2U0UHVWJ.tif,"['Cy3', 'DAPI']",MG1655,1XEUCAST,30.0,BioRepA
train,Ciprofloxacin,OOLAV3DVEO.tif,OOLAV3DVEO.tif,"['Cy3', 'DAPI']",MG1655,1XEUCAST,30.0,BioRepA
train,Ciprofloxacin,80CFLGH6L3.tif,80CFLGH6L3.tif,"['Cy3', 'DAPI']",MG1655,1XEUCAST,30.0,BioRepA
train,Ciprofloxacin,NHTW65C0XJ.tif,NHTW65C0XJ.tif,"['Cy3', 'DAPI']",MG1655,1XEUCAST,30.0,BioRepA
train,Ciprofloxacin,FVMS42L6I4.tif,FVMS42L6I4.tif,"['Cy3', 'DAPI']",MG1655,1XEUCAST,30.0,BioRepA
train,Ciprofloxacin,9EDI0MPY37.tif,9EDI0MPY37.tif,"['Cy3', 'DAPI']",MG1655,1XEUCAST,30.0,BioRepA
train,Ciprofloxacin,NYCWKWMIC7.tif,NYCWKWMIC7.tif,"['Cy3', 'DAPI']",MG1655,1XEUCAST,30.0,BioRepA
train,Ciprofloxacin,5B109B0ZW7.tif,5B109B0ZW7.tif,"['Cy3', 'DAPI']",MG1655,1XEUCAST,30.0,BioRepA
train,Ciprofloxacin,X0BBPOFS6K.tif,X0BBPOFS6K.tif,"['Cy3', 'DAPI']",MG1655,1XEUCAST,30.0,BioRepA
train,Ciprofloxacin,DB0RJE9612.tif,DB0RJE9612.tif,"['Cy3', 'DAPI']",MG1655,1XEUCAST,30.0,BioRepA
train,Ciprofloxacin,VFI6WZTNI7.tif,VFI6WZTNI7.tif,"['Cy3', 'DAPI']",MG1655,1XEUCAST,30.0,BioRepA
train,Ciprofloxacin,WNEIDMPNA6.tif,WNEIDMPNA6.tif,"['Cy3', 'DAPI']",MG1655,1XEUCAST,30.0,BioRepA
train,Ciprofloxacin,SS3IHE07U9.tif,SS3IHE07U9.tif,"['Cy3', 'DAPI']",MG1655,1XEUCAST,30.0,BioRepA
train,Ciprofloxacin,046YNHZ1IB.tif,046YNHZ1IB.tif,"['Cy3', 'DAPI']",MG1655,1XEUCAST,30.0,BioRepA
train,Ciprofloxacin,H6ON9SI9A1.tif,H6ON9SI9A1.tif,"['Cy3', 'DAPI']",MG1655,1XEUCAST,30.0,BioRepA
train,Ciprofloxacin,CNJVUADQPI.tif,CNJVUADQPI.tif,"['Cy3', 'DAPI']",MG1655,1XEUCAST,30.0,BioRepA
train,Ciprofloxacin,KKUH91QC2O.tif,KKUH91QC2O.tif,"['Cy3', 'DAPI']",MG1655,1XEUCAST,30.0,BioRepA
train,Ciprofloxacin,3ZPY91ZO0I.tif,3ZPY91ZO0I.tif,"['Cy3', 'DAPI']",MG1655,1XEUCAST,30.0,BioRepA
train,Ciprofloxacin,CHC5E4Z6TS.tif,CHC5E4Z6TS.tif,"['Cy3', 'DAPI']",MG1655,1XEUCAST,30.0,BioRepA
train,Ciprofloxacin,HWLP0C9KGN.tif,HWLP0C9KGN.tif,"['Cy3', 'DAPI']",MG1655,1XEUCAST,30.0,BioRepA
train,Ciprofloxacin,GITDPMQGGU.tif,GITDPMQGGU.tif,"['Cy3', 'DAPI']",MG1655,1XEUCAST,30.0,BioRepA
train,Ciprofloxacin,QCKFLBSYUF.tif,QCKFLBSYUF.tif,"['Cy3', 'DAPI']",MG1655,1XEUCAST,30.0,BioRepA
train,Ciprofloxacin,6U6TS8QY9W.tif,6U6TS8QY9W.tif,"['Cy3', 'DAPI']",MG1655,1XEUCAST,30.0,BioRepA
train,Ciprofloxacin,QZXTU2XSIV.tif,QZXTU2XSIV.tif,"['Cy3', 'DAPI']",MG1655,1XEUCAST,30.0,BioRepA
train,Ciprofloxacin,SZRQOFIDLI.tif,SZRQOFIDLI.tif,"['Cy3', 'DAPI']",MG1655,1XEUCAST,30.0,BioRepA
train,Ciprofloxacin,EB9JAHW0AW.tif,EB9JAHW0AW.tif,"['Cy3', 'DAPI']",MG1655,1XEUCAST,30.0,BioRepA
train,Ciprofloxacin,PDF3BN43QT.tif,PDF3BN43QT.tif,"['Cy3', 'DAPI']",MG1655,1XEUCAST,30.0,BioRepA
train,Ciprofloxacin,FBV70WYOSG.tif,FBV70WYOSG.tif,"['Cy3', 'DAPI']",MG1655,1XEUCAST,30.0,BioRepA
train,Ciprofloxacin,6KTRHX61PQ.tif,6KTRHX61PQ.tif,"['Cy3', 'DAPI']",MG1655,1XEUCAST,30.0,BioRepA
train,Ciprofloxacin,6CBDLVWH9L.tif,6CBDLVWH9L.tif,"['Cy3', 'DAPI']",MG1655,1XEUCAST,30.0,BioRepA
train,Ciprofloxacin,MFM0BMJ2Z0.tif,MFM0BMJ2Z0.tif,"['Cy3', 'DAPI']",MG1655,1XEUCAST,30.0,BioRepA
train,Ciprofloxacin,7UNMGF2LHA.tif,7UNMGF2LHA.tif,"['Cy3', 'DAPI']",MG1655,1XEUCAST,30.0,BioRepA
train,Ciprofloxacin,8BO75TE1VU.tif,8BO75TE1VU.tif,"['Cy3', 'DAPI']",MG1655,1XEUCAST,30.0,BioRepA
train,Ciprofloxacin,CM2V1AW6S8.tif,CM2V1AW6S8.tif,"['Cy3', 'DAPI']",MG1655,1XEUCAST,30.0,BioRepA
train,Ciprofloxacin,9K95P26A3S.tif,9K95P26A3S.tif,"['Cy3', 'DAPI']",MG1655,1XEUCAST,30.0,BioRepA
train,Ciprofloxacin,TH2ZFBGO84.tif,TH2ZFBGO84.tif,"['Cy3', 'DAPI']",MG1655,1XEUCAST,30.0,BioRepA
train,Ciprofloxacin,OB5BZJRBYC.tif,OB5BZJRBYC.tif,"['Cy3', 'DAPI']",MG1655,1XEUCAST,30.0,BioRepA
train,Ciprofloxacin,W1ZIU5RBCG.tif,W1ZIU5RBCG.tif,"['Cy3', 'DAPI']",MG1655,1XEUCAST,30.0,BioRepA
train,Ciprofloxacin,X1ARNNJFPX.tif,X1ARNNJFPX.tif,"['Cy3', 'DAPI']",MG1655,1XEUCAST,30.0,BioRepA
train,Ciprofloxacin,TOVDVNKQM5.tif,TOVDVNKQM5.tif,"['Cy3', 'DAPI']",MG1655,1XEUCAST,30.0,BioRepA
train,Ciprofloxacin,OADFAQTARF.tif,OADFAQTARF.tif,"['Cy3', 'DAPI']",MG1655,1XEUCAST,30.0,BioRepA
train,Ciprofloxacin,OESJMDTLGS.tif,OESJMDTLGS.tif,"['Cy3', 'DAPI']",MG1655,1XEUCAST,30.0,BioRepA
train,Ciprofloxacin,3013CE5Z5T.tif,3013CE5Z5T.tif,"['Cy3', 'DAPI']",MG1655,1XEUCAST,30.0,BioRepA
train,Ciprofloxacin,7GYL9CNV9T.tif,7GYL9CNV9T.tif,"['Cy3', 'DAPI']",MG1655,1XEUCAST,30.0,BioRepA
train,Ciprofloxacin,7WMLZH5KB7.tif,7WMLZH5KB7.tif,"['Cy3', 'DAPI']",MG1655,1XEUCAST,30.0,BioRepA
train,Ciprofloxacin,RD9J7XYVBA.tif,RD9J7XYVBA.tif,"['Cy3', 'DAPI']",MG1655,1XEUCAST,30.0,BioRepA
train,Ciprofloxacin,VJT9Q6B3YS.tif,VJT9Q6B3YS.tif,"['Cy3', 'DAPI']",MG1655,1XEUCAST,30.0,BioRepA
train,Ciprofloxacin,ROCYVNSURC.tif,ROCYVNSURC.tif,"['Cy3', 'DAPI']",MG1655,1XEUCAST,30.0,BioRepA
train,Ciprofloxacin,BAELMD6XMV.tif,BAELMD6XMV.tif,"['Cy3', 'DAPI']",MG1655,1XEUCAST,30.0,BioRepA
train,Ciprofloxacin,T597UZJO2Q.tif,T597UZJO2Q.tif,"['Cy3', 'DAPI']",MG1655,1XEUCAST,30.0,BioRepA
train,Ciprofloxacin,H279CSZ414.tif,H279CSZ414.tif,"['Cy3', 'DAPI']",MG1655,1XEUCAST,30.0,BioRepA
train,Ciprofloxacin,HBTZNTLFOK.tif,HBTZNTLFOK.tif,"['Cy3', 'DAPI']",MG1655,1XEUCAST,30.0,BioRepA
train,Ciprofloxacin,5AVLN850IP.tif,5AVLN850IP.tif,"['Cy3', 'DAPI']",MG1655,1XEUCAST,30.0,BioRepA
train,Ciprofloxacin,8UQNC47IJH.tif,8UQNC47IJH.tif,"['Cy3', 'DAPI']",MG1655,1XEUCAST,30.0,BioRepA
train,Ciprofloxacin,HPIUNC1ECW.tif,HPIUNC1ECW.tif,"['Cy3', 'DAPI']",MG1655,1XEUCAST,30.0,BioRepA
train,Ciprofloxacin,4P3YPPKT8M.tif,4P3YPPKT8M.tif,"['Cy3', 'DAPI']",MG1655,1XEUCAST,30.0,BioRepA
train,Ciprofloxacin,Q7NS536E8R.tif,Q7NS536E8R.tif,"['Cy3', 'DAPI']",MG1655,1XEUCAST,30.0,BioRepA
train,Ciprofloxacin,TXRTMVDDSE.tif,TXRTMVDDSE.tif,"['Cy3', 'DAPI']",MG1655,1XEUCAST,30.0,BioRepA
train,Ciprofloxacin,W388WUYYAG.tif,W388WUYYAG.tif,"['Cy3', 'DAPI']",MG1655,1XEUCAST,30.0,BioRepA
train,Ciprofloxacin,UO34OETNAF.tif,UO34OETNAF.tif,"['Cy3', 'DAPI']",MG1655,1XEUCAST,30.0,BioRepA
train,Ciprofloxacin,GB3THB3T2K.tif,GB3THB3T2K.tif,"['Cy3', 'DAPI']",MG1655,1XEUCAST,30.0,BioRepA
train,Ciprofloxacin,EDWM9KHCX0.tif,EDWM9KHCX0.tif,"['Cy3', 'DAPI']",MG1655,1XEUCAST,30.0,BioRepA
train,Ciprofloxacin,TZBCZ5WI8P.tif,TZBCZ5WI8P.tif,"['Cy3', 'DAPI']",MG1655,1XEUCAST,30.0,BioRepA
train,Ciprofloxacin,IBS3M0QUBS.tif,IBS3M0QUBS.tif,"['Cy3', 'DAPI']",MG1655,1XEUCAST,30.0,BioRepA
train,Ciprofloxacin,SZ0BS1QPGH.tif,SZ0BS1QPGH.tif,"['Cy3', 'DAPI']",MG1655,1XEUCAST,30.0,BioRepA
train,Ciprofloxacin,NPRSXZX4ZV.tif,NPRSXZX4ZV.tif,"['Cy3', 'DAPI']",MG1655,1XEUCAST,30.0,BioRepA
train,Ciprofloxacin,00DA3Y8Y4I.tif,00DA3Y8Y4I.tif,"['Cy3', 'DAPI']",MG1655,1XEUCAST,30.0,BioRepA
train,Ciprofloxacin,04BMJFSVXF.tif,04BMJFSVXF.tif,"['Cy3', 'DAPI']",MG1655,1XEUCAST,30.0,BioRepA
train,Ciprofloxacin,N9B7Q6DDR9.tif,N9B7Q6DDR9.tif,"['Cy3', 'DAPI']",MG1655,1XEUCAST,30.0,BioRepA
train,Ciprofloxacin,F5BBZR1ZYI.tif,F5BBZR1ZYI.tif,"['Cy3', 'DAPI']",MG1655,1XEUCAST,30.0,BioRepA
train,Ciprofloxacin,KE5N4ZYJP7.tif,KE5N4ZYJP7.tif,"['Cy3', 'DAPI']",MG1655,1XEUCAST,30.0,BioRepA
train,Ciprofloxacin,YQWY7BSSJK.tif,YQWY7BSSJK.tif,"['Cy3', 'DAPI']",MG1655,1XEUCAST,30.0,BioRepA
train,Ciprofloxacin,WME72YZZ4L.tif,WME72YZZ4L.tif,"['Cy3', 'DAPI']",MG1655,1XEUCAST,30.0,BioRepA
train,Ciprofloxacin,S5C33HGQ6R.tif,S5C33HGQ6R.tif,"['Cy3', 'DAPI']",MG1655,1XEUCAST,30.0,BioRepA
train,Ciprofloxacin,RS6M1VVKD1.tif,RS6M1VVKD1.tif,"['Cy3', 'DAPI']",MG1655,1XEUCAST,30.0,BioRepA
train,Untreated,Q9FSO48DBY.tif,Q9FSO48DBY.tif,"['Cy3', 'DAPI']",MG1655,0XEUCAST,30.0,
train,Untreated,F95GGTD0JP.tif,F95GGTD0JP.tif,"['Cy3', 'DAPI']",MG1655,0XEUCAST,,
train,Untreated,D9NIMOO47G.tif,D9NIMOO47G.tif,"['Cy3', 'DAPI']",MG1655,0XEUCAST,30.0,
train,Untreated,9NAOMPW4D2.tif,9NAOMPW4D2.tif,"['Cy3', 'DAPI']",MG1655,0XEUCAST,30.0,
train,Untreated,DQV5HTOMWY.tif,DQV5HTOMWY.tif,"['Cy3', 'DAPI']",MG1655,0XEUCAST,30.0,
train,Untreated,C935ED8RJ2.tif,C935ED8RJ2.tif,"['Cy3', 'DAPI']",MG1655,0XEUCAST,30.0,
train,Untreated,F0VHLGUIGL.tif,F0VHLGUIGL.tif,"['Cy3', 'DAPI']",MG1655,0XEUCAST,30.0,
train,Untreated,MGC7E9BSFL.tif,MGC7E9BSFL.tif,"['Cy3', 'DAPI']",MG1655,0XEUCAST,30.0,
train,Untreated,PB92ID80M8.tif,PB92ID80M8.tif,"['Cy3', 'DAPI']",MG1655,0XEUCAST,30.0,
train,Untreated,8JZP031KN4.tif,8JZP031KN4.tif,"['Cy3', 'DAPI']",MG1655,0XEUCAST,30.0,
test,Untreated,0I6M9SVWUS.tif,0I6M9SVWUS.tif,"['Cy3', 'DAPI']",MG1655,0XEUCAST,,BioRepD
test,Untreated,5RLKS7OI8S.tif,5RLKS7OI8S.tif,"['Cy3', 'DAPI']",MG1655,0XEUCAST,,BioRepD
test,Untreated,4ARAKQBKFN.tif,4ARAKQBKFN.tif,"['Cy3', 'DAPI']",MG1655,0XEUCAST,,BioRepD
test,Untreated,X5I1D4EACD.tif,X5I1D4EACD.tif,"['Cy3', 'DAPI']",MG1655,0XEUCAST,,BioRepD
test,Untreated,ZDLF733P5P.tif,ZDLF733P5P.tif,"['Cy3', 'DAPI']",MG1655,0XEUCAST,,BioRepD
test,Untreated,4VZXZG0KXQ.tif,4VZXZG0KXQ.tif,"['Cy3', 'DAPI']",MG1655,0XEUCAST,,BioRepD
test,Untreated,K5E1NTCM5V.tif,K5E1NTCM5V.tif,"['Cy3', 'DAPI']",MG1655,0XEUCAST,,BioRepD
test,Untreated,SKA3SOHMBO.tif,SKA3SOHMBO.tif,"['Cy3', 'DAPI']",MG1655,0XEUCAST,,BioRepD
test,Untreated,1N3PSK4DSJ.tif,1N3PSK4DSJ.tif,"['Cy3', 'DAPI']",MG1655,0XEUCAST,,BioRepD
test,Untreated,6MWTGDX0IX.tif,6MWTGDX0IX.tif,"['Cy3', 'DAPI']",MG1655,0XEUCAST,,BioRepD
test,Untreated,HS9F0YKOHV.tif,HS9F0YKOHV.tif,"['Cy3', 'DAPI']",MG1655,0XEUCAST,,BioRepD
test,Untreated,L55MEZ58DR.tif,L55MEZ58DR.tif,"['Cy3', 'DAPI']",MG1655,0XEUCAST,,BioRepD
test,Untreated,37D7KWBMEZ.tif,37D7KWBMEZ.tif,"['Cy3', 'DAPI']",MG1655,0XEUCAST,,BioRepD
test,Untreated,ADJ5SHTOIP.tif,ADJ5SHTOIP.tif,"['Cy3', 'DAPI']",MG1655,0XEUCAST,,BioRepD
test,Untreated,6RQMGTH3PV.tif,6RQMGTH3PV.tif,"['Cy3', 'DAPI']",MG1655,0XEUCAST,,BioRepD
test,Untreated,5T31SBFUHK.tif,5T31SBFUHK.tif,"['Cy3', 'DAPI']",MG1655,0XEUCAST,,BioRepD
test,Untreated,5K0VFJU93K.tif,5K0VFJU93K.tif,"['Cy3', 'DAPI']",MG1655,0XEUCAST,,BioRepD
test,Untreated,S0YJUO4VGH.tif,S0YJUO4VGH.tif,"['Cy3', 'DAPI']",MG1655,0XEUCAST,,BioRepD
test,Untreated,U9BZ13D58Q.tif,U9BZ13D58Q.tif,"['Cy3', 'DAPI']",MG1655,0XEUCAST,,BioRepD
test,Untreated,36SLYHP4TY.tif,36SLYHP4TY.tif,"['Cy3', 'DAPI']",MG1655,0XEUCAST,,BioRepD
test,Untreated,WVU8WU0UTY.tif,WVU8WU0UTY.tif,"['Cy3', 'DAPI']",MG1655,0XEUCAST,,BioRepD
test,Untreated,NSCII1U7GZ.tif,NSCII1U7GZ.tif,"['Cy3', 'DAPI']",MG1655,0XEUCAST,,BioRepD
test,Untreated,HWR3LIW36B.tif,HWR3LIW36B.tif,"['Cy3', 'DAPI']",MG1655,0XEUCAST,,BioRepD
test,Untreated,DQUV9ATJ5N.tif,DQUV9ATJ5N.tif,"['Cy3', 'DAPI']",MG1655,0XEUCAST,,BioRepD
test,Untreated,IQ47YN0IEO.tif,IQ47YN0IEO.tif,"['Cy3', 'DAPI']",MG1655,0XEUCAST,,BioRepD
test,Untreated,5VZMTZ4YIU.tif,5VZMTZ4YIU.tif,"['Cy3', 'DAPI']",MG1655,0XEUCAST,,BioRepD
test,Untreated,9H3NTWL3EJ.tif,9H3NTWL3EJ.tif,"['Cy3', 'DAPI']",MG1655,0XEUCAST,,BioRepD
test,Untreated,S7DAF12IM9.tif,S7DAF12IM9.tif,"['Cy3', 'DAPI']",MG1655,0XEUCAST,,BioRepD
test,Untreated,HEH9RDWLMT.tif,HEH9RDWLMT.tif,"['Cy3', 'DAPI']",MG1655,0XEUCAST,,BioRepD
test,Untreated,D4336CB454.tif,D4336CB454.tif,"['Cy3', 'DAPI']",MG1655,0XEUCAST,,BioRepD
test,Untreated,7I1P8JOHQK.tif,7I1P8JOHQK.tif,"['Cy3', 'DAPI']",MG1655,0XEUCAST,,BioRepD
test,Untreated,KTTN5ZTK1H.tif,KTTN5ZTK1H.tif,"['Cy3', 'DAPI']",MG1655,0XEUCAST,,BioRepD
test,Ciprofloxacin,BXUX0FNBFY.tif,BXUX0FNBFY.tif,"['Cy3', 'DAPI']",MG1655,1XEUCAST,30.0,BioRepD
test,Ciprofloxacin,MHKPR9IVWC.tif,MHKPR9IVWC.tif,"['Cy3', 'DAPI']",MG1655,1XEUCAST,30.0,BioRepD
test,Ciprofloxacin,IQ867B6FUP.tif,IQ867B6FUP.tif,"['Cy3', 'DAPI']",MG1655,1XEUCAST,30.0,BioRepD
test,Ciprofloxacin,J93KLJO63Q.tif,J93KLJO63Q.tif,"['Cy3', 'DAPI']",MG1655,1XEUCAST,30.0,BioRepD
test,Ciprofloxacin,OFD08151I5.tif,OFD08151I5.tif,"['Cy3', 'DAPI']",MG1655,1XEUCAST,30.0,BioRepD
test,Ciprofloxacin,30V9INLILO.tif,30V9INLILO.tif,"['Cy3', 'DAPI']",MG1655,1XEUCAST,30.0,BioRepD
test,Ciprofloxacin,UUNTW25UI9.tif,UUNTW25UI9.tif,"['Cy3', 'DAPI']",MG1655,1XEUCAST,30.0,BioRepD
test,Ciprofloxacin,70YPZ4QJ0L.tif,70YPZ4QJ0L.tif,"['Cy3', 'DAPI']",MG1655,1XEUCAST,30.0,BioRepD
test,Ciprofloxacin,GFO8XPKJZD.tif,GFO8XPKJZD.tif,"['Cy3', 'DAPI']",MG1655,1XEUCAST,30.0,BioRepD
test,Ciprofloxacin,MK8QB9SSPM.tif,MK8QB9SSPM.tif,"['Cy3', 'DAPI']",MG1655,1XEUCAST,30.0,BioRepD
test,Ciprofloxacin,N0TFXY5ASW.tif,N0TFXY5ASW.tif,"['Cy3', 'DAPI']",MG1655,1XEUCAST,30.0,BioRepD
test,Ciprofloxacin,K5AF78OD10.tif,K5AF78OD10.tif,"['Cy3', 'DAPI']",MG1655,1XEUCAST,30.0,BioRepD
test,Ciprofloxacin,XIWUG4XT6X.tif,XIWUG4XT6X.tif,"['Cy3', 'DAPI']",MG1655,1XEUCAST,30.0,BioRepD
test,Ciprofloxacin,2KN16QKIYT.tif,2KN16QKIYT.tif,"['Cy3', 'DAPI']",MG1655,1XEUCAST,30.0,BioRepD
test,Ciprofloxacin,92Q4VN5XTK.tif,92Q4VN5XTK.tif,"['Cy3', 'DAPI']",MG1655,1XEUCAST,30.0,BioRepD
test,Ciprofloxacin,PK684KFMJ2.tif,PK684KFMJ2.tif,"['Cy3', 'DAPI']",MG1655,1XEUCAST,30.0,BioRepD
test,Ciprofloxacin,VOIUR3GA23.tif,VOIUR3GA23.tif,"['Cy3', 'DAPI']",MG1655,1XEUCAST,30.0,BioRepD
test,Ciprofloxacin,NN59MGPNQX.tif,NN59MGPNQX.tif,"['Cy3', 'DAPI']",MG1655,1XEUCAST,30.0,BioRepD
test,Ciprofloxacin,WMTTMHCOA2.tif,WMTTMHCOA2.tif,"['Cy3', 'DAPI']",MG1655,1XEUCAST,30.0,BioRepD
test,Ciprofloxacin,17B97LM3ZQ.tif,17B97LM3ZQ.tif,"['Cy3', 'DAPI']",MG1655,1XEUCAST,30.0,BioRepD
test,Ciprofloxacin,K8UTXS2XMG.tif,K8UTXS2XMG.tif,"['Cy3', 'DAPI']",MG1655,1XEUCAST,30.0,BioRepD
test,Ciprofloxacin,MK4WSFBVOT.tif,MK4WSFBVOT.tif,"['Cy3', 'DAPI']",MG1655,1XEUCAST,30.0,BioRepD
test,Ciprofloxacin,P45FG7KSS2.tif,P45FG7KSS2.tif,"['Cy3', 'DAPI']",MG1655,1XEUCAST,30.0,BioRepD
test,Ciprofloxacin,IJ43N8B9RI.tif,IJ43N8B9RI.tif,"['Cy3', 'DAPI']",MG1655,1XEUCAST,30.0,BioRepD
test,Ciprofloxacin,1LZ0TS5TYZ.tif,1LZ0TS5TYZ.tif,"['Cy3', 'DAPI']",MG1655,1XEUCAST,30.0,BioRepD
test,Ciprofloxacin,0246H4AYC7.tif,0246H4AYC7.tif,"['Cy3', 'DAPI']",MG1655,1XEUCAST,30.0,BioRepD
test,Ciprofloxacin,PINLZS21X4.tif,PINLZS21X4.tif,"['Cy3', 'DAPI']",MG1655,1XEUCAST,30.0,BioRepD
test,Ciprofloxacin,6XIPG03T43.tif,6XIPG03T43.tif,"['Cy3', 'DAPI']",MG1655,1XEUCAST,30.0,BioRepD
test,Ciprofloxacin,ASLT3RPQE6.tif,ASLT3RPQE6.tif,"['Cy3', 'DAPI']",MG1655,1XEUCAST,30.0,BioRepD
test,Ciprofloxacin,H2423E5ABG.tif,H2423E5ABG.tif,"['Cy3', 'DAPI']",MG1655,1XEUCAST,30.0,BioRepD
test,Ciprofloxacin,A4BQW4PGQM.tif,A4BQW4PGQM.tif,"['Cy3', 'DAPI']",MG1655,1XEUCAST,30.0,BioRepD
test,Ciprofloxacin,4CN7FDU31S.tif,4CN7FDU31S.tif,"['Cy3', 'DAPI']",MG1655,1XEUCAST,30.0,BioRepD
test,Ciprofloxacin,4YL0AKT5GB.tif,4YL0AKT5GB.tif,"['Cy3', 'DAPI']",MG1655,1XEUCAST,30.0,BioRepD
test,Ciprofloxacin,Y7LIEWJZVQ.tif,Y7LIEWJZVQ.tif,"['Cy3', 'DAPI']",MG1655,1XEUCAST,30.0,BioRepD
test,Ciprofloxacin,DWW32QFS5B.tif,DWW32QFS5B.tif,"['Cy3', 'DAPI']",MG1655,1XEUCAST,30.0,BioRepD
test,Ciprofloxacin,TNXHCUX5JX.tif,TNXHCUX5JX.tif,"['Cy3', 'DAPI']",MG1655,1XEUCAST,30.0,BioRepD
test,Ciprofloxacin,JNZQI24JWU.tif,JNZQI24JWU.tif,"['Cy3', 'DAPI']",MG1655,1XEUCAST,30.0,BioRepD
test,Ciprofloxacin,VP0DUY0E5M.tif,VP0DUY0E5M.tif,"['Cy3', 'DAPI']",MG1655,1XEUCAST,30.0,BioRepD
test,Ciprofloxacin,OURMUNN806.tif,OURMUNN806.tif,"['Cy3', 'DAPI']",MG1655,1XEUCAST,30.0,BioRepD
test,Ciprofloxacin,J7FGMIPBV8.tif,J7FGMIPBV8.tif,"['Cy3', 'DAPI']",MG1655,1XEUCAST,30.0,BioRepD
test,Ciprofloxacin,LND7IUV6P9.tif,LND7IUV6P9.tif,"['Cy3', 'DAPI']",MG1655,1XEUCAST,30.0,BioRepD
test,Ciprofloxacin,8QOQN6BKKN.tif,8QOQN6BKKN.tif,"['Cy3', 'DAPI']",MG1655,1XEUCAST,30.0,BioRepD
test,Ciprofloxacin,K77CXLZO95.tif,K77CXLZO95.tif,"['Cy3', 'DAPI']",MG1655,1XEUCAST,30.0,BioRepD
test,Ciprofloxacin,JYXJ9UNBHB.tif,JYXJ9UNBHB.tif,"['Cy3', 'DAPI']",MG1655,1XEUCAST,30.0,BioRepD
test,Ciprofloxacin,I954Y707J1.tif,I954Y707J1.tif,"['Cy3', 'DAPI']",MG1655,1XEUCAST,30.0,BioRepD
test,Ciprofloxacin,86J8FIJHAC.tif,86J8FIJHAC.tif,"['Cy3', 'DAPI']",MG1655,1XEUCAST,30.0,BioRepD
test,Ciprofloxacin,MA72FF8SFT.tif,MA72FF8SFT.tif,"['Cy3', 'DAPI']",MG1655,1XEUCAST,30.0,BioRepD
test,Ciprofloxacin,YJY27WIS2W.tif,YJY27WIS2W.tif,"['Cy3', 'DAPI']",MG1655,1XEUCAST,30.0,BioRepD
test,Ciprofloxacin,7U0QK9649K.tif,7U0QK9649K.tif,"['Cy3', 'DAPI']",MG1655,1XEUCAST,30.0,BioRepD
test,Ciprofloxacin,245UX537XR.tif,245UX537XR.tif,"['Cy3', 'DAPI']",MG1655,1XEUCAST,30.0,BioRepD
test,Ciprofloxacin,B7ANS8P1TR.tif,B7ANS8P1TR.tif,"['Cy3', 'DAPI']",MG1655,1XEUCAST,30.0,BioRepD
test,Ciprofloxacin,UA9IWO4PXC.tif,UA9IWO4PXC.tif,"['Cy3', 'DAPI']",MG1655,1XEUCAST,30.0,BioRepD
test,Ciprofloxacin,44DX55KFB7.tif,44DX55KFB7.tif,"['Cy3', 'DAPI']",MG1655,1XEUCAST,30.0,BioRepD
test,Ciprofloxacin,IHYGQ5Y9EW.tif,IHYGQ5Y9EW.tif,"['Cy3', 'DAPI']",MG1655,1XEUCAST,30.0,BioRepD
test,Ciprofloxacin,ULSIQJUVZ7.tif,ULSIQJUVZ7.tif,"['Cy3', 'DAPI']",MG1655,1XEUCAST,30.0,BioRepD
test,Ciprofloxacin,3WXAQR2P6D.tif,3WXAQR2P6D.tif,"['Cy3', 'DAPI']",MG1655,1XEUCAST,30.0,BioRepD
test,Ciprofloxacin,2I6ERFDDFP.tif,2I6ERFDDFP.tif,"['Cy3', 'DAPI']",MG1655,1XEUCAST,30.0,BioRepD
test,Ciprofloxacin,0XLHK9XVLW.tif,0XLHK9XVLW.tif,"['Cy3', 'DAPI']",MG1655,1XEUCAST,30.0,BioRepD
test,Ciprofloxacin,GQ72ZUT4JN.tif,GQ72ZUT4JN.tif,"['Cy3', 'DAPI']",MG1655,1XEUCAST,30.0,BioRepD
test,Ciprofloxacin,972E5I8WO8.tif,972E5I8WO8.tif,"['Cy3', 'DAPI']",MG1655,1XEUCAST,30.0,BioRepD
test,Ciprofloxacin,P5SWEF3AY8.tif,P5SWEF3AY8.tif,"['Cy3', 'DAPI']",MG1655,1XEUCAST,30.0,BioRepD
test,Ciprofloxacin,RZHNRNAP9P.tif,RZHNRNAP9P.tif,"['Cy3', 'DAPI']",MG1655,1XEUCAST,30.0,BioRepD
test,Ciprofloxacin,67JL20GCZB.tif,67JL20GCZB.tif,"['Cy3', 'DAPI']",MG1655,1XEUCAST,30.0,BioRepD
test,Ciprofloxacin,N7LG1OMV04.tif,N7LG1OMV04.tif,"['Cy3', 'DAPI']",MG1655,1XEUCAST,30.0,BioRepD
test,Ciprofloxacin,AWMSWUE69S.tif,AWMSWUE69S.tif,"['Cy3', 'DAPI']",MG1655,1XEUCAST,30.0,BioRepD
test,Ciprofloxacin,FKHU2ZF2C2.tif,FKHU2ZF2C2.tif,"['Cy3', 'DAPI']",MG1655,1XEUCAST,30.0,BioRepD
test,Ciprofloxacin,UCJ5LQND2K.tif,UCJ5LQND2K.tif,"['Cy3', 'DAPI']",MG1655,1XEUCAST,30.0,BioRepD
test,Ciprofloxacin,TX8BH8C05G.tif,TX8BH8C05G.tif,"['Cy3', 'DAPI']",MG1655,1XEUCAST,30.0,BioRepD
test,Ciprofloxacin,8TKLLNF2FL.tif,8TKLLNF2FL.tif,"['Cy3', 'DAPI']",MG1655,1XEUCAST,30.0,BioRepD
test,Ciprofloxacin,W17L030RPF.tif,W17L030RPF.tif,"['Cy3', 'DAPI']",MG1655,1XEUCAST,30.0,BioRepD
test,Ciprofloxacin,HSR9LULQY1.tif,HSR9LULQY1.tif,"['Cy3', 'DAPI']",MG1655,1XEUCAST,30.0,BioRepD
test,Ciprofloxacin,HES9CCJUDV.tif,HES9CCJUDV.tif,"['Cy3', 'DAPI']",MG1655,1XEUCAST,30.0,BioRepD
test,Ciprofloxacin,CDNFIARXDL.tif,CDNFIARXDL.tif,"['Cy3', 'DAPI']",MG1655,1XEUCAST,30.0,BioRepD
test,Ciprofloxacin,RZJB8SF0BG.tif,RZJB8SF0BG.tif,"['Cy3', 'DAPI']",MG1655,1XEUCAST,30.0,BioRepD
test,Ciprofloxacin,QQBEJ6R5Z7.tif,QQBEJ6R5Z7.tif,"['Cy3', 'DAPI']",MG1655,1XEUCAST,30.0,BioRepD
test,Ciprofloxacin,6O8JM30222.tif,6O8JM30222.tif,"['Cy3', 'DAPI']",MG1655,1XEUCAST,30.0,BioRepD
test,Ciprofloxacin,4IYIYEKSD3.tif,4IYIYEKSD3.tif,"['Cy3', 'DAPI']",MG1655,1XEUCAST,30.0,BioRepD
test,Ciprofloxacin,9JM2NB58OU.tif,9JM2NB58OU.tif,"['Cy3', 'DAPI']",MG1655,1XEUCAST,30.0,BioRepD
test,Ciprofloxacin,ENUGB48HJC.tif,ENUGB48HJC.tif,"['Cy3', 'DAPI']",MG1655,1XEUCAST,30.0,BioRepD
test,Ciprofloxacin,BIRYY6OBZC.tif,BIRYY6OBZC.tif,"['Cy3', 'DAPI']",MG1655,1XEUCAST,30.0,BioRepD
train,Untreated,IOJBF6SH8E.tif,IOJBF6SH8E.tif,"['Cy3', 'DAPI']",MG1655,0XEUCAST,,BioRepA
train,Untreated,72ZQG1622A.tif,72ZQG1622A.tif,"['Cy3', 'DAPI']",MG1655,0XEUCAST,,BioRepA
train,Untreated,XGC2IJJ103.tif,XGC2IJJ103.tif,"['Cy3', 'DAPI']",MG1655,0XEUCAST,,BioRepA
train,Untreated,WXQMY3CBWT.tif,WXQMY3CBWT.tif,"['Cy3', 'DAPI']",MG1655,0XEUCAST,,BioRepA
train,Untreated,T8MQR9S5LU.tif,T8MQR9S5LU.tif,"['Cy3', 'DAPI']",MG1655,0XEUCAST,,BioRepA
train,Untreated,QFQ3YQJ2B8.tif,QFQ3YQJ2B8.tif,"['Cy3', 'DAPI']",MG1655,0XEUCAST,,BioRepA
train,Untreated,K2T6IWHI9R.tif,K2T6IWHI9R.tif,"['Cy3', 'DAPI']",MG1655,0XEUCAST,,BioRepA
train,Untreated,ELUO25TOQX.tif,ELUO25TOQX.tif,"['Cy3', 'DAPI']",MG1655,0XEUCAST,,BioRepA
train,Untreated,IGHTM9VRZT.tif,IGHTM9VRZT.tif,"['Cy3', 'DAPI']",MG1655,0XEUCAST,,BioRepA
train,Untreated,ICNT8FUVCS.tif,ICNT8FUVCS.tif,"['Cy3', 'DAPI']",MG1655,0XEUCAST,,BioRepA
train,Untreated,740K6U76VE.tif,740K6U76VE.tif,"['Cy3', 'DAPI']",MG1655,0XEUCAST,,BioRepA
train,Untreated,M3Z2OQUYMB.tif,M3Z2OQUYMB.tif,"['Cy3', 'DAPI']",MG1655,0XEUCAST,,BioRepA
train,Untreated,UCP2N53LDT.tif,UCP2N53LDT.tif,"['Cy3', 'DAPI']",MG1655,0XEUCAST,,BioRepA
train,Untreated,T95G4QOOMV.tif,T95G4QOOMV.tif,"['Cy3', 'DAPI']",MG1655,0XEUCAST,,BioRepA
train,Untreated,VXP9JC156R.tif,VXP9JC156R.tif,"['Cy3', 'DAPI']",MG1655,0XEUCAST,,BioRepA
train,Untreated,0Y2XMDQU56.tif,0Y2XMDQU56.tif,"['Cy3', 'DAPI']",MG1655,0XEUCAST,,BioRepA
train,Untreated,9TM65YO5LV.tif,9TM65YO5LV.tif,"['Cy3', 'DAPI']",MG1655,0XEUCAST,,BioRepA
train,Untreated,U0JSWQCMZP.tif,U0JSWQCMZP.tif,"['Cy3', 'DAPI']",MG1655,0XEUCAST,,BioRepA
train,Untreated,1YY8VZYPO8.tif,1YY8VZYPO8.tif,"['Cy3', 'DAPI']",MG1655,0XEUCAST,,BioRepA
train,Untreated,GQ48TY1ZIX.tif,GQ48TY1ZIX.tif,"['Cy3', 'DAPI']",MG1655,0XEUCAST,,BioRepA
train,Untreated,Z2CFOG3FJK.tif,Z2CFOG3FJK.tif,"['Cy3', 'DAPI']",MG1655,0XEUCAST,,BioRepA
train,Untreated,JEV83TAIAM.tif,JEV83TAIAM.tif,"['Cy3', 'DAPI']",MG1655,0XEUCAST,,BioRepA
train,Untreated,093N004ZD6.tif,093N004ZD6.tif,"['Cy3', 'DAPI']",MG1655,0XEUCAST,,BioRepA
train,Untreated,CGC5HSY6WZ.tif,CGC5HSY6WZ.tif,"['Cy3', 'DAPI']",MG1655,0XEUCAST,,BioRepA
train,Untreated,69LBG8BCAZ.tif,69LBG8BCAZ.tif,"['Cy3', 'DAPI']",MG1655,0XEUCAST,,BioRepA
train,Untreated,3NH01THSH8.tif,3NH01THSH8.tif,"['Cy3', 'DAPI']",MG1655,0XEUCAST,,BioRepA
train,Untreated,LB0ABP6XS4.tif,LB0ABP6XS4.tif,"['Cy3', 'DAPI']",MG1655,0XEUCAST,,BioRepA
train,Untreated,XT7M47C3YA.tif,XT7M47C3YA.tif,"['Cy3', 'DAPI']",MG1655,0XEUCAST,,BioRepA
train,Untreated,E24E8R2DW5.tif,E24E8R2DW5.tif,"['Cy3', 'DAPI']",MG1655,0XEUCAST,,BioRepA
train,Untreated,0FW59SN5OC.tif,0FW59SN5OC.tif,"['Cy3', 'DAPI']",MG1655,0XEUCAST,,BioRepA
train,Untreated,U1V5HJE9BT.tif,U1V5HJE9BT.tif,"['Cy3', 'DAPI']",MG1655,0XEUCAST,,BioRepA
train,Untreated,IIMMWJRUE2.tif,IIMMWJRUE2.tif,"['Cy3', 'DAPI']",MG1655,0XEUCAST,,BioRepA
train,Untreated,DPL3ARO3RP.tif,DPL3ARO3RP.tif,"['Cy3', 'DAPI']",MG1655,0XEUCAST,,BioRepA
train,Untreated,2TLWLUTD7L.tif,2TLWLUTD7L.tif,"['Cy3', 'DAPI']",MG1655,0XEUCAST,,BioRepA
train,Untreated,V605GCQ8V9.tif,V605GCQ8V9.tif,"['Cy3', 'DAPI']",MG1655,0XEUCAST,,BioRepA
train,Untreated,8FQ4M6KAWW.tif,8FQ4M6KAWW.tif,"['Cy3', 'DAPI']",MG1655,0XEUCAST,,BioRepA
train,Untreated,LBW5Y1RIB3.tif,LBW5Y1RIB3.tif,"['Cy3', 'DAPI']",MG1655,0XEUCAST,,BioRepA
train,Untreated,2TY2ELO3GA.tif,2TY2ELO3GA.tif,"['Cy3', 'DAPI']",MG1655,0XEUCAST,,BioRepA
train,Untreated,TXS126SUPX.tif,TXS126SUPX.tif,"['Cy3', 'DAPI']",MG1655,0XEUCAST,,BioRepA
train,Untreated,3K3SKYDMWB.tif,3K3SKYDMWB.tif,"['Cy3', 'DAPI']",MG1655,0XEUCAST,,BioRepA
train,Untreated,MVVLCJ2TR0.tif,MVVLCJ2TR0.tif,"['Cy3', 'DAPI']",MG1655,0XEUCAST,,BioRepA
train,Untreated,BL4C4FQ9GO.tif,BL4C4FQ9GO.tif,"['Cy3', 'DAPI']",MG1655,0XEUCAST,,BioRepA
train,Untreated,ET2E9DUYQX.tif,ET2E9DUYQX.tif,"['Cy3', 'DAPI']",MG1655,0XEUCAST,,BioRepA
train,Untreated,9X5M58LJMJ.tif,9X5M58LJMJ.tif,"['Cy3', 'DAPI']",MG1655,0XEUCAST,,BioRepA
train,Untreated,F7FX5BWV4G.tif,F7FX5BWV4G.tif,"['Cy3', 'DAPI']",MG1655,0XEUCAST,,BioRepA
train,Untreated,HKG7L7TNGB.tif,HKG7L7TNGB.tif,"['Cy3', 'DAPI']",MG1655,0XEUCAST,,BioRepA
train,Untreated,E63DCE2K83.tif,E63DCE2K83.tif,"['Cy3', 'DAPI']",MG1655,0XEUCAST,,BioRepA
train,Untreated,MSFGLY2JFS.tif,MSFGLY2JFS.tif,"['Cy3', 'DAPI']",MG1655,0XEUCAST,,BioRepA
train,Untreated,5AHMTKU8S0.tif,5AHMTKU8S0.tif,"['Cy3', 'DAPI']",MG1655,0XEUCAST,,BioRepA
train,Untreated,O2T33YKAUG.tif,O2T33YKAUG.tif,"['Cy3', 'DAPI']",MG1655,0XEUCAST,,BioRepA
train,Untreated,M6F2VUFTUK.tif,M6F2VUFTUK.tif,"['Cy3', 'DAPI']",MG1655,0XEUCAST,,BioRepA
train,Untreated,XMPNZ7YXDY.tif,XMPNZ7YXDY.tif,"['Cy3', 'DAPI']",MG1655,0XEUCAST,,BioRepA
train,Untreated,LFHKO3V57Y.tif,LFHKO3V57Y.tif,"['Cy3', 'DAPI']",MG1655,0XEUCAST,,BioRepA
train,Untreated,2VIWKJOP8V.tif,2VIWKJOP8V.tif,"['Cy3', 'DAPI']",MG1655,0XEUCAST,,BioRepA
train,Untreated,MJJPHPA5ZG.tif,MJJPHPA5ZG.tif,"['Cy3', 'DAPI']",MG1655,0XEUCAST,,BioRepA
train,Untreated,ACMPIKJTYG.tif,ACMPIKJTYG.tif,"['Cy3', 'DAPI']",MG1655,0XEUCAST,,BioRepA
train,Untreated,1D2EMJI8X2.tif,1D2EMJI8X2.tif,"['Cy3', 'DAPI']",MG1655,0XEUCAST,,BioRepA
train,Untreated,VATFBCAYHQ.tif,VATFBCAYHQ.tif,"['Cy3', 'DAPI']",MG1655,0XEUCAST,,BioRepA
train,Untreated,SX7CBOXD7S.tif,SX7CBOXD7S.tif,"['Cy3', 'DAPI']",MG1655,0XEUCAST,,BioRepA
train,Untreated,AI7MB0CPOV.tif,AI7MB0CPOV.tif,"['Cy3', 'DAPI']",MG1655,0XEUCAST,,BioRepA
train,Untreated,UC2KBXXZMG.tif,UC2KBXXZMG.tif,"['Cy3', 'DAPI']",MG1655,0XEUCAST,,BioRepA
train,Untreated,UBHKRAIQTH.tif,UBHKRAIQTH.tif,"['Cy3', 'DAPI']",MG1655,0XEUCAST,,BioRepA
train,Untreated,4P33GNJ7KJ.tif,4P33GNJ7KJ.tif,"['Cy3', 'DAPI']",MG1655,0XEUCAST,,BioRepA
train,Untreated,TJ3HWEMM40.tif,TJ3HWEMM40.tif,"['Cy3', 'DAPI']",MG1655,0XEUCAST,,BioRepA
train,Untreated,12OWSMPVE3.tif,12OWSMPVE3.tif,"['Cy3', 'DAPI']",MG1655,0XEUCAST,,BioRepA
train,Untreated,8YTCKJ20V5.tif,8YTCKJ20V5.tif,"['Cy3', 'DAPI']",MG1655,0XEUCAST,,BioRepA
train,Untreated,7AYOT5U9XQ.tif,7AYOT5U9XQ.tif,"['Cy3', 'DAPI']",MG1655,0XEUCAST,,BioRepA
train,Untreated,TE2XKH70CH.tif,TE2XKH70CH.tif,"['Cy3', 'DAPI']",MG1655,0XEUCAST,,BioRepA
train,Untreated,MOH8SH57UY.tif,MOH8SH57UY.tif,"['Cy3', 'DAPI']",MG1655,0XEUCAST,,BioRepA
train,Untreated,ONHF4VOUXK.tif,ONHF4VOUXK.tif,"['Cy3', 'DAPI']",MG1655,0XEUCAST,,BioRepA
train,Untreated,75YCSVOWKM.tif,75YCSVOWKM.tif,"['Cy3', 'DAPI']",MG1655,0XEUCAST,,BioRepA
train,Untreated,8Z4M3VGC6C.tif,8Z4M3VGC6C.tif,"['Cy3', 'DAPI']",MG1655,0XEUCAST,,BioRepA
train,Untreated,XGO9DNAGCL.tif,XGO9DNAGCL.tif,"['Cy3', 'DAPI']",MG1655,0XEUCAST,,BioRepA
train,Untreated,KD169ZP589.tif,KD169ZP589.tif,"['Cy3', 'DAPI']",MG1655,0XEUCAST,,BioRepA
train,Untreated,194KJ6AU3G.tif,194KJ6AU3G.tif,"['Cy3', 'DAPI']",MG1655,0XEUCAST,,BioRepA
train,Untreated,2GR2HQ6H1Z.tif,2GR2HQ6H1Z.tif,"['Cy3', 'DAPI']",MG1655,0XEUCAST,,BioRepA
train,Untreated,W1DDFD29VU.tif,W1DDFD29VU.tif,"['Cy3', 'DAPI']",MG1655,0XEUCAST,,BioRepA
train,Untreated,ZTAKF6CYQR.tif,ZTAKF6CYQR.tif,"['Cy3', 'DAPI']",MG1655,0XEUCAST,,BioRepA
train,Untreated,56B5IEG2AF.tif,56B5IEG2AF.tif,"['Cy3', 'DAPI']",MG1655,0XEUCAST,,BioRepA
train,Untreated,LDMUDKUGFF.tif,LDMUDKUGFF.tif,"['Cy3', 'DAPI']",MG1655,0XEUCAST,,BioRepA
train,Untreated,M0H0EEO5K5.tif,M0H0EEO5K5.tif,"['Cy3', 'DAPI']",MG1655,0XEUCAST,,BioRepA
train,Untreated,VU38HRAO18.tif,VU38HRAO18.tif,"['Cy3', 'DAPI']",MG1655,0XEUCAST,,BioRepA
train,Untreated,LAT62S9HNY.tif,LAT62S9HNY.tif,"['Cy3', 'DAPI']",MG1655,0XEUCAST,,BioRepA
train,Untreated,82IH58KSCK.tif,82IH58KSCK.tif,"['Cy3', 'DAPI']",MG1655,0XEUCAST,,BioRepA
train,Untreated,03Z8GQLSYU.tif,03Z8GQLSYU.tif,"['Cy3', 'DAPI']",MG1655,0XEUCAST,,BioRepA
train,Untreated,4BMRBJSCVX.tif,4BMRBJSCVX.tif,"['Cy3', 'DAPI']",MG1655,0XEUCAST,,BioRepA
train,Untreated,TJV64T1N40.tif,TJV64T1N40.tif,"['Cy3', 'DAPI']",MG1655,0XEUCAST,,BioRepA
train,Untreated,AEQJCHNTFS.tif,AEQJCHNTFS.tif,"['Cy3', 'DAPI']",MG1655,0XEUCAST,,BioRepA
train,Untreated,LUAWCMIHDA.tif,LUAWCMIHDA.tif,"['Cy3', 'DAPI']",MG1655,0XEUCAST,,BioRepA
train,Untreated,PTZE4UFLQ2.tif,PTZE4UFLQ2.tif,"['Cy3', 'DAPI']",MG1655,0XEUCAST,,BioRepA
train,Untreated,995HBR2XR1.tif,995HBR2XR1.tif,"['Cy3', 'DAPI']",MG1655,0XEUCAST,,BioRepA
train,Untreated,FYW3FAUM2R.tif,FYW3FAUM2R.tif,"['Cy3', 'DAPI']",MG1655,0XEUCAST,,BioRepA
train,Untreated,TB9VB3I73M.tif,TB9VB3I73M.tif,"['Cy3', 'DAPI']",MG1655,0XEUCAST,,BioRepA
train,Untreated,QX03FMVRPH.tif,QX03FMVRPH.tif,"['Cy3', 'DAPI']",MG1655,0XEUCAST,,BioRepA
train,Untreated,EFYTXQV6MR.tif,EFYTXQV6MR.tif,"['Cy3', 'DAPI']",MG1655,0XEUCAST,,BioRepA
train,Untreated,FGN2LS1HLZ.tif,FGN2LS1HLZ.tif,"['Cy3', 'DAPI']",MG1655,0XEUCAST,,BioRepA
train,Untreated,KKAIWKGWDH.tif,KKAIWKGWDH.tif,"['Cy3', 'DAPI']",MG1655,0XEUCAST,,BioRepA
train,Untreated,OUTW0MN9U0.tif,OUTW0MN9U0.tif,"['Cy3', 'DAPI']",MG1655,0XEUCAST,,BioRepA
train,Untreated,YZZ83BG6ZO.tif,YZZ83BG6ZO.tif,"['Cy3', 'DAPI']",MG1655,0XEUCAST,,BioRepA
train,Untreated,1LZ3QMDAXU.tif,1LZ3QMDAXU.tif,"['Cy3', 'DAPI']",MG1655,0XEUCAST,,BioRepA
train,Untreated,M4YCSTNZIB.tif,M4YCSTNZIB.tif,"['Cy3', 'DAPI']",MG1655,0XEUCAST,,BioRepA
train,Untreated,BPAI2F277I.tif,BPAI2F277I.tif,"['Cy3', 'DAPI']",MG1655,0XEUCAST,,BioRepA
train,Untreated,8CLTYFOX7Q.tif,8CLTYFOX7Q.tif,"['Cy3', 'DAPI']",MG1655,0XEUCAST,,BioRepA
train,Untreated,OH9P13IYG9.tif,OH9P13IYG9.tif,"['Cy3', 'DAPI']",MG1655,0XEUCAST,,BioRepA
train,Untreated,RNCUW40VZA.tif,RNCUW40VZA.tif,"['Cy3', 'DAPI']",MG1655,0XEUCAST,,BioRepA
train,Untreated,RGAB2IQ2PW.tif,RGAB2IQ2PW.tif,"['Cy3', 'DAPI']",MG1655,0XEUCAST,,BioRepA
train,Untreated,FWKIE66FWM.tif,FWKIE66FWM.tif,"['Cy3', 'DAPI']",MG1655,0XEUCAST,,BioRepA
train,Untreated,F697ONFDCJ.tif,F697ONFDCJ.tif,"['Cy3', 'DAPI']",MG1655,0XEUCAST,,BioRepA
train,Untreated,FPJ9ZBS7A7.tif,FPJ9ZBS7A7.tif,"['Cy3', 'DAPI']",MG1655,0XEUCAST,,BioRepA
train,Untreated,6YPHF4PKDR.tif,6YPHF4PKDR.tif,"['Cy3', 'DAPI']",MG1655,0XEUCAST,,BioRepA
